index,mnist_index,mnist_label,clean_path,gaussian_blur_path,salt_pepper_path,speckle_path
0,317,2,D:\bennett\computer vision\lab2\data\clean\000.png,D:\bennett\computer vision\lab2\data\gaussian_blur\000.png,D:\bennett\computer vision\lab2\data\salt_pepper\000.png,D:\bennett\computer vision\lab2\data\speckle\000.png
1,390,2,D:\bennett\computer vision\lab2\data\clean\001.png,D:\bennett\computer vision\lab2\data\gaussian_blur\001.png,D:\bennett\computer vision\lab2\data\salt_pepper\001.png,D:\bennett\computer vision\lab2\data\speckle\001.png
2,438,4,D:\bennett\computer vision\lab2\data\clean\002.png,D:\bennett\computer vision\lab2\data\gaussian_blur\002.png,D:\bennett\computer vision\lab2\data\salt_pepper\002.png,D:\bennett\computer vision\lab2\data\speckle\002.png
3,593,1,D:\bennett\computer vision\lab2\data\clean\003.png,D:\bennett\computer vision\lab2\data\gaussian_blur\003.png,D:\bennett\computer vision\lab2\data\salt_pepper\003.png,D:\bennett\computer vision\lab2\data\speckle\003.png
4,834,4,D:\bennett\computer vision\lab2\data\clean\004.png,D:\bennett\computer vision\lab2\data\gaussian_blur\004.png,D:\bennett\computer vision\lab2\data\salt_pepper\004.png,D:\bennett\computer vision\lab2\data\speckle\004.png
5,1069,1,D:\bennett\computer vision\lab2\data\clean\005.png,D:\bennett\computer vision\lab2\data\gaussian_blur\005.png,D:\bennett\computer vision\lab2\data\salt_pepper\005.png,D:\bennett\computer vision\lab2\data\speckle\005.png
6,1076,0,D:\bennett\computer vision\lab2\data\clean\006.png,D:\bennett\computer vision\lab2\data\gaussian_blur\006.png,D:\bennett\computer vision\lab2\data\salt_pepper\006.png,D:\bennett\computer vision\lab2\data\speckle\006.png
7,1166,7,D:\bennett\computer vision\lab2\data\clean\007.png,D:\bennett\computer vision\lab2\data\gaussian_blur\007.png,D:\bennett\computer vision\lab2\data\salt_pepper\007.png,D:\bennett\computer vision\lab2\data\speckle\007.png
8,1292,9,D:\bennett\computer vision\lab2\data\clean\008.png,D:\bennett\computer vision\lab2\data\gaussian_blur\008.png,D:\bennett\computer vision\lab2\data\salt_pepper\008.png,D:\bennett\computer vision\lab2\data\speckle\008.png
9,1323,6,D:\bennett\computer vision\lab2\data\clean\009.png,D:\bennett\computer vision\lab2\data\gaussian_blur\009.png,D:\bennett\computer vision\lab2\data\salt_pepper\009.png,D:\bennett\computer vision\lab2\data\speckle\009.png
10,1355,9,D:\bennett\computer vision\lab2\data\clean\010.png,D:\bennett\computer vision\lab2\data\gaussian_blur\010.png,D:\bennett\computer vision\lab2\data\salt_pepper\010.png,D:\bennett\computer vision\lab2\data\speckle\010.png
11,1363,0,D:\bennett\computer vision\lab2\data\clean\011.png,D:\bennett\computer vision\lab2\data\gaussian_blur\011.png,D:\bennett\computer vision\lab2\data\salt_pepper\011.png,D:\bennett\computer vision\lab2\data\speckle\011.png
12,1490,5,D:\bennett\computer vision\lab2\data\clean\012.png,D:\bennett\computer vision\lab2\data\gaussian_blur\012.png,D:\bennett\computer vision\lab2\data\salt_pepper\012.png,D:\bennett\computer vision\lab2\data\speckle\012.png
13,1504,6,D:\bennett\computer vision\lab2\data\clean\013.png,D:\bennett\computer vision\lab2\data\gaussian_blur\013.png,D:\bennett\computer vision\lab2\data\salt_pepper\013.png,D:\bennett\computer vision\lab2\data\speckle\013.png
14,1837,0,D:\bennett\computer vision\lab2\data\clean\014.png,D:\bennett\computer vision\lab2\data\gaussian_blur\014.png,D:\bennett\computer vision\lab2\data\salt_pepper\014.png,D:\bennett\computer vision\lab2\data\speckle\014.png
15,1910,1,D:\bennett\computer vision\lab2\data\clean\015.png,D:\bennett\computer vision\lab2\data\gaussian_blur\015.png,D:\bennett\computer vision\lab2\data\salt_pepper\015.png,D:\bennett\computer vision\lab2\data\speckle\015.png
16,2069,4,D:\bennett\computer vision\lab2\data\clean\016.png,D:\bennett\computer vision\lab2\data\gaussian_blur\016.png,D:\bennett\computer vision\lab2\data\salt_pepper\016.png,D:\bennett\computer vision\lab2\data\speckle\016.png
17,2221,9,D:\bennett\computer vision\lab2\data\clean\017.png,D:\bennett\computer vision\lab2\data\gaussian_blur\017.png,D:\bennett\computer vision\lab2\data\salt_pepper\017.png,D:\bennett\computer vision\lab2\data\speckle\017.png
18,2238,7,D:\bennett\computer vision\lab2\data\clean\018.png,D:\bennett\computer vision\lab2\data\gaussian_blur\018.png,D:\bennett\computer vision\lab2\data\salt_pepper\018.png,D:\bennett\computer vision\lab2\data\speckle\018.png
19,2486,6,D:\bennett\computer vision\lab2\data\clean\019.png,D:\bennett\computer vision\lab2\data\gaussian_blur\019.png,D:\bennett\computer vision\lab2\data\salt_pepper\019.png,D:\bennett\computer vision\lab2\data\speckle\019.png
20,2608,4,D:\bennett\computer vision\lab2\data\clean\020.png,D:\bennett\computer vision\lab2\data\gaussian_blur\020.png,D:\bennett\computer vision\lab2\data\salt_pepper\020.png,D:\bennett\computer vision\lab2\data\speckle\020.png
21,2682,8,D:\bennett\computer vision\lab2\data\clean\021.png,D:\bennett\computer vision\lab2\data\gaussian_blur\021.png,D:\bennett\computer vision\lab2\data\salt_pepper\021.png,D:\bennett\computer vision\lab2\data\speckle\021.png
22,2687,8,D:\bennett\computer vision\lab2\data\clean\022.png,D:\bennett\computer vision\lab2\data\gaussian_blur\022.png,D:\bennett\computer vision\lab2\data\salt_pepper\022.png,D:\bennett\computer vision\lab2\data\speckle\022.png
23,3477,4,D:\bennett\computer vision\lab2\data\clean\023.png,D:\bennett\computer vision\lab2\data\gaussian_blur\023.png,D:\bennett\computer vision\lab2\data\salt_pepper\023.png,D:\bennett\computer vision\lab2\data\speckle\023.png
24,3799,2,D:\bennett\computer vision\lab2\data\clean\024.png,D:\bennett\computer vision\lab2\data\gaussian_blur\024.png,D:\bennett\computer vision\lab2\data\salt_pepper\024.png,D:\bennett\computer vision\lab2\data\speckle\024.png
25,3883,8,D:\bennett\computer vision\lab2\data\clean\025.png,D:\bennett\computer vision\lab2\data\gaussian_blur\025.png,D:\bennett\computer vision\lab2\data\salt_pepper\025.png,D:\bennett\computer vision\lab2\data\speckle\025.png
26,4044,0,D:\bennett\computer vision\lab2\data\clean\026.png,D:\bennett\computer vision\lab2\data\gaussian_blur\026.png,D:\bennett\computer vision\lab2\data\salt_pepper\026.png,D:\bennett\computer vision\lab2\data\speckle\026.png
27,4050,9,D:\bennett\computer vision\lab2\data\clean\027.png,D:\bennett\computer vision\lab2\data\gaussian_blur\027.png,D:\bennett\computer vision\lab2\data\salt_pepper\027.png,D:\bennett\computer vision\lab2\data\speckle\027.png
28,4547,9,D:\bennett\computer vision\lab2\data\clean\028.png,D:\bennett\computer vision\lab2\data\gaussian_blur\028.png,D:\bennett\computer vision\lab2\data\salt_pepper\028.png,D:\bennett\computer vision\lab2\data\speckle\028.png
29,4722,2,D:\bennett\computer vision\lab2\data\clean\029.png,D:\bennett\computer vision\lab2\data\gaussian_blur\029.png,D:\bennett\computer vision\lab2\data\salt_pepper\029.png,D:\bennett\computer vision\lab2\data\speckle\029.png
30,4732,6,D:\bennett\computer vision\lab2\data\clean\030.png,D:\bennett\computer vision\lab2\data\gaussian_blur\030.png,D:\bennett\computer vision\lab2\data\salt_pepper\030.png,D:\bennett\computer vision\lab2\data\speckle\030.png
31,4847,5,D:\bennett\computer vision\lab2\data\clean\031.png,D:\bennett\computer vision\lab2\data\gaussian_blur\031.png,D:\bennett\computer vision\lab2\data\salt_pepper\031.png,D:\bennett\computer vision\lab2\data\speckle\031.png
32,4945,7,D:\bennett\computer vision\lab2\data\clean\032.png,D:\bennett\computer vision\lab2\data\gaussian_blur\032.png,D:\bennett\computer vision\lab2\data\salt_pepper\032.png,D:\bennett\computer vision\lab2\data\speckle\032.png
33,5045,9,D:\bennett\computer vision\lab2\data\clean\033.png,D:\bennett\computer vision\lab2\data\gaussian_blur\033.png,D:\bennett\computer vision\lab2\data\salt_pepper\033.png,D:\bennett\computer vision\lab2\data\speckle\033.png
34,5057,7,D:\bennett\computer vision\lab2\data\clean\034.png,D:\bennett\computer vision\lab2\data\gaussian_blur\034.png,D:\bennett\computer vision\lab2\data\salt_pepper\034.png,D:\bennett\computer vision\lab2\data\speckle\034.png
35,5114,1,D:\bennett\computer vision\lab2\data\clean\035.png,D:\bennett\computer vision\lab2\data\gaussian_blur\035.png,D:\bennett\computer vision\lab2\data\salt_pepper\035.png,D:\bennett\computer vision\lab2\data\speckle\035.png
36,5232,2,D:\bennett\computer vision\lab2\data\clean\036.png,D:\bennett\computer vision\lab2\data\gaussian_blur\036.png,D:\bennett\computer vision\lab2\data\salt_pepper\036.png,D:\bennett\computer vision\lab2\data\speckle\036.png
37,5310,6,D:\bennett\computer vision\lab2\data\clean\037.png,D:\bennett\computer vision\lab2\data\gaussian_blur\037.png,D:\bennett\computer vision\lab2\data\salt_pepper\037.png,D:\bennett\computer vision\lab2\data\speckle\037.png
38,5373,0,D:\bennett\computer vision\lab2\data\clean\038.png,D:\bennett\computer vision\lab2\data\gaussian_blur\038.png,D:\bennett\computer vision\lab2\data\salt_pepper\038.png,D:\bennett\computer vision\lab2\data\speckle\038.png
39,5400,2,D:\bennett\computer vision\lab2\data\clean\039.png,D:\bennett\computer vision\lab2\data\gaussian_blur\039.png,D:\bennett\computer vision\lab2\data\salt_pepper\039.png,D:\bennett\computer vision\lab2\data\speckle\039.png
40,5442,3,D:\bennett\computer vision\lab2\data\clean\040.png,D:\bennett\computer vision\lab2\data\gaussian_blur\040.png,D:\bennett\computer vision\lab2\data\salt_pepper\040.png,D:\bennett\computer vision\lab2\data\speckle\040.png
41,5485,6,D:\bennett\computer vision\lab2\data\clean\041.png,D:\bennett\computer vision\lab2\data\gaussian_blur\041.png,D:\bennett\computer vision\lab2\data\salt_pepper\041.png,D:\bennett\computer vision\lab2\data\speckle\041.png
42,5604,0,D:\bennett\computer vision\lab2\data\clean\042.png,D:\bennett\computer vision\lab2\data\gaussian_blur\042.png,D:\bennett\computer vision\lab2\data\salt_pepper\042.png,D:\bennett\computer vision\lab2\data\speckle\042.png
43,5656,2,D:\bennett\computer vision\lab2\data\clean\043.png,D:\bennett\computer vision\lab2\data\gaussian_blur\043.png,D:\bennett\computer vision\lab2\data\salt_pepper\043.png,D:\bennett\computer vision\lab2\data\speckle\043.png
44,5657,7,D:\bennett\computer vision\lab2\data\clean\044.png,D:\bennett\computer vision\lab2\data\gaussian_blur\044.png,D:\bennett\computer vision\lab2\data\salt_pepper\044.png,D:\bennett\computer vision\lab2\data\speckle\044.png
45,5756,1,D:\bennett\computer vision\lab2\data\clean\045.png,D:\bennett\computer vision\lab2\data\gaussian_blur\045.png,D:\bennett\computer vision\lab2\data\salt_pepper\045.png,D:\bennett\computer vision\lab2\data\speckle\045.png
46,5793,3,D:\bennett\computer vision\lab2\data\clean\046.png,D:\bennett\computer vision\lab2\data\gaussian_blur\046.png,D:\bennett\computer vision\lab2\data\salt_pepper\046.png,D:\bennett\computer vision\lab2\data\speckle\046.png
47,6179,0,D:\bennett\computer vision\lab2\data\clean\047.png,D:\bennett\computer vision\lab2\data\gaussian_blur\047.png,D:\bennett\computer vision\lab2\data\salt_pepper\047.png,D:\bennett\computer vision\lab2\data\speckle\047.png
48,6333,7,D:\bennett\computer vision\lab2\data\clean\048.png,D:\bennett\computer vision\lab2\data\gaussian_blur\048.png,D:\bennett\computer vision\lab2\data\salt_pepper\048.png,D:\bennett\computer vision\lab2\data\speckle\048.png
49,6349,2,D:\bennett\computer vision\lab2\data\clean\049.png,D:\bennett\computer vision\lab2\data\gaussian_blur\049.png,D:\bennett\computer vision\lab2\data\salt_pepper\049.png,D:\bennett\computer vision\lab2\data\speckle\049.png
50,6445,2,D:\bennett\computer vision\lab2\data\clean\050.png,D:\bennett\computer vision\lab2\data\gaussian_blur\050.png,D:\bennett\computer vision\lab2\data\salt_pepper\050.png,D:\bennett\computer vision\lab2\data\speckle\050.png
51,6493,8,D:\bennett\computer vision\lab2\data\clean\051.png,D:\bennett\computer vision\lab2\data\gaussian_blur\051.png,D:\bennett\computer vision\lab2\data\salt_pepper\051.png,D:\bennett\computer vision\lab2\data\speckle\051.png
52,6546,4,D:\bennett\computer vision\lab2\data\clean\052.png,D:\bennett\computer vision\lab2\data\gaussian_blur\052.png,D:\bennett\computer vision\lab2\data\salt_pepper\052.png,D:\bennett\computer vision\lab2\data\speckle\052.png
53,6828,6,D:\bennett\computer vision\lab2\data\clean\053.png,D:\bennett\computer vision\lab2\data\gaussian_blur\053.png,D:\bennett\computer vision\lab2\data\salt_pepper\053.png,D:\bennett\computer vision\lab2\data\speckle\053.png
54,6943,8,D:\bennett\computer vision\lab2\data\clean\054.png,D:\bennett\computer vision\lab2\data\gaussian_blur\054.png,D:\bennett\computer vision\lab2\data\salt_pepper\054.png,D:\bennett\computer vision\lab2\data\speckle\054.png
55,7044,5,D:\bennett\computer vision\lab2\data\clean\055.png,D:\bennett\computer vision\lab2\data\gaussian_blur\055.png,D:\bennett\computer vision\lab2\data\salt_pepper\055.png,D:\bennett\computer vision\lab2\data\speckle\055.png
56,7110,9,D:\bennett\computer vision\lab2\data\clean\056.png,D:\bennett\computer vision\lab2\data\gaussian_blur\056.png,D:\bennett\computer vision\lab2\data\salt_pepper\056.png,D:\bennett\computer vision\lab2\data\speckle\056.png
57,7133,5,D:\bennett\computer vision\lab2\data\clean\057.png,D:\bennett\computer vision\lab2\data\gaussian_blur\057.png,D:\bennett\computer vision\lab2\data\salt_pepper\057.png,D:\bennett\computer vision\lab2\data\speckle\057.png
58,7299,4,D:\bennett\computer vision\lab2\data\clean\058.png,D:\bennett\computer vision\lab2\data\gaussian_blur\058.png,D:\bennett\computer vision\lab2\data\salt_pepper\058.png,D:\bennett\computer vision\lab2\data\speckle\058.png
59,7351,5,D:\bennett\computer vision\lab2\data\clean\059.png,D:\bennett\computer vision\lab2\data\gaussian_blur\059.png,D:\bennett\computer vision\lab2\data\salt_pepper\059.png,D:\bennett\computer vision\lab2\data\speckle\059.png
60,7417,4,D:\bennett\computer vision\lab2\data\clean\060.png,D:\bennett\computer vision\lab2\data\gaussian_blur\060.png,D:\bennett\computer vision\lab2\data\salt_pepper\060.png,D:\bennett\computer vision\lab2\data\speckle\060.png
61,7533,1,D:\bennett\computer vision\lab2\data\clean\061.png,D:\bennett\computer vision\lab2\data\gaussian_blur\061.png,D:\bennett\computer vision\lab2\data\salt_pepper\061.png,D:\bennett\computer vision\lab2\data\speckle\061.png
62,7619,2,D:\bennett\computer vision\lab2\data\clean\062.png,D:\bennett\computer vision\lab2\data\gaussian_blur\062.png,D:\bennett\computer vision\lab2\data\salt_pepper\062.png,D:\bennett\computer vision\lab2\data\speckle\062.png
63,7625,3,D:\bennett\computer vision\lab2\data\clean\063.png,D:\bennett\computer vision\lab2\data\gaussian_blur\063.png,D:\bennett\computer vision\lab2\data\salt_pepper\063.png,D:\bennett\computer vision\lab2\data\speckle\063.png
64,7739,5,D:\bennett\computer vision\lab2\data\clean\064.png,D:\bennett\computer vision\lab2\data\gaussian_blur\064.png,D:\bennett\computer vision\lab2\data\salt_pepper\064.png,D:\bennett\computer vision\lab2\data\speckle\064.png
65,7854,4,D:\bennett\computer vision\lab2\data\clean\065.png,D:\bennett\computer vision\lab2\data\gaussian_blur\065.png,D:\bennett\computer vision\lab2\data\salt_pepper\065.png,D:\bennett\computer vision\lab2\data\speckle\065.png
66,7897,2,D:\bennett\computer vision\lab2\data\clean\066.png,D:\bennett\computer vision\lab2\data\gaussian_blur\066.png,D:\bennett\computer vision\lab2\data\salt_pepper\066.png,D:\bennett\computer vision\lab2\data\speckle\066.png
67,7925,0,D:\bennett\computer vision\lab2\data\clean\067.png,D:\bennett\computer vision\lab2\data\gaussian_blur\067.png,D:\bennett\computer vision\lab2\data\salt_pepper\067.png,D:\bennett\computer vision\lab2\data\speckle\067.png
68,8329,9,D:\bennett\computer vision\lab2\data\clean\068.png,D:\bennett\computer vision\lab2\data\gaussian_blur\068.png,D:\bennett\computer vision\lab2\data\salt_pepper\068.png,D:\bennett\computer vision\lab2\data\speckle\068.png
69,8334,2,D:\bennett\computer vision\lab2\data\clean\069.png,D:\bennett\computer vision\lab2\data\gaussian_blur\069.png,D:\bennett\computer vision\lab2\data\salt_pepper\069.png,D:\bennett\computer vision\lab2\data\speckle\069.png
70,8377,7,D:\bennett\computer vision\lab2\data\clean\070.png,D:\bennett\computer vision\lab2\data\gaussian_blur\070.png,D:\bennett\computer vision\lab2\data\salt_pepper\070.png,D:\bennett\computer vision\lab2\data\speckle\070.png
71,8387,0,D:\bennett\computer vision\lab2\data\clean\071.png,D:\bennett\computer vision\lab2\data\gaussian_blur\071.png,D:\bennett\computer vision\lab2\data\salt_pepper\071.png,D:\bennett\computer vision\lab2\data\speckle\071.png
72,8415,4,D:\bennett\computer vision\lab2\data\clean\072.png,D:\bennett\computer vision\lab2\data\gaussian_blur\072.png,D:\bennett\computer vision\lab2\data\salt_pepper\072.png,D:\bennett\computer vision\lab2\data\speckle\072.png
73,8451,1,D:\bennett\computer vision\lab2\data\clean\073.png,D:\bennett\computer vision\lab2\data\gaussian_blur\073.png,D:\bennett\computer vision\lab2\data\salt_pepper\073.png,D:\bennett\computer vision\lab2\data\speckle\073.png
74,8620,9,D:\bennett\computer vision\lab2\data\clean\074.png,D:\bennett\computer vision\lab2\data\gaussian_blur\074.png,D:\bennett\computer vision\lab2\data\salt_pepper\074.png,D:\bennett\computer vision\lab2\data\speckle\074.png
75,8636,6,D:\bennett\computer vision\lab2\data\clean\075.png,D:\bennett\computer vision\lab2\data\gaussian_blur\075.png,D:\bennett\computer vision\lab2\data\salt_pepper\075.png,D:\bennett\computer vision\lab2\data\speckle\075.png
76,8886,2,D:\bennett\computer vision\lab2\data\clean\076.png,D:\bennett\computer vision\lab2\data\gaussian_blur\076.png,D:\bennett\computer vision\lab2\data\salt_pepper\076.png,D:\bennett\computer vision\lab2\data\speckle\076.png
77,9055,0,D:\bennett\computer vision\lab2\data\clean\077.png,D:\bennett\computer vision\lab2\data\gaussian_blur\077.png,D:\bennett\computer vision\lab2\data\salt_pepper\077.png,D:\bennett\computer vision\lab2\data\speckle\077.png
78,9070,9,D:\bennett\computer vision\lab2\data\clean\078.png,D:\bennett\computer vision\lab2\data\gaussian_blur\078.png,D:\bennett\computer vision\lab2\data\salt_pepper\078.png,D:\bennett\computer vision\lab2\data\speckle\078.png
79,9090,6,D:\bennett\computer vision\lab2\data\clean\079.png,D:\bennett\computer vision\lab2\data\gaussian_blur\079.png,D:\bennett\computer vision\lab2\data\salt_pepper\079.png,D:\bennett\computer vision\lab2\data\speckle\079.png
80,9180,3,D:\bennett\computer vision\lab2\data\clean\080.png,D:\bennett\computer vision\lab2\data\gaussian_blur\080.png,D:\bennett\computer vision\lab2\data\salt_pepper\080.png,D:\bennett\computer vision\lab2\data\speckle\080.png
81,9189,4,D:\bennett\computer vision\lab2\data\clean\081.png,D:\bennett\computer vision\lab2\data\gaussian_blur\081.png,D:\bennett\computer vision\lab2\data\salt_pepper\081.png,D:\bennett\computer vision\lab2\data\speckle\081.png
82,9574,6,D:\bennett\computer vision\lab2\data\clean\082.png,D:\bennett\computer vision\lab2\data\gaussian_blur\082.png,D:\bennett\computer vision\lab2\data\salt_pepper\082.png,D:\bennett\computer vision\lab2\data\speckle\082.png
83,9624,3,D:\bennett\computer vision\lab2\data\clean\083.png,D:\bennett\computer vision\lab2\data\gaussian_blur\083.png,D:\bennett\computer vision\lab2\data\salt_pepper\083.png,D:\bennett\computer vision\lab2\data\speckle\083.png
84,9626,4,D:\bennett\computer vision\lab2\data\clean\084.png,D:\bennett\computer vision\lab2\data\gaussian_blur\084.png,D:\bennett\computer vision\lab2\data\salt_pepper\084.png,D:\bennett\computer vision\lab2\data\speckle\084.png
85,9837,1,D:\bennett\computer vision\lab2\data\clean\085.png,D:\bennett\computer vision\lab2\data\gaussian_blur\085.png,D:\bennett\computer vision\lab2\data\salt_pepper\085.png,D:\bennett\computer vision\lab2\data\speckle\085.png
86,9851,3,D:\bennett\computer vision\lab2\data\clean\086.png,D:\bennett\computer vision\lab2\data\gaussian_blur\086.png,D:\bennett\computer vision\lab2\data\salt_pepper\086.png,D:\bennett\computer vision\lab2\data\speckle\086.png
87,9920,4,D:\bennett\computer vision\lab2\data\clean\087.png,D:\bennett\computer vision\lab2\data\gaussian_blur\087.png,D:\bennett\computer vision\lab2\data\salt_pepper\087.png,D:\bennett\computer vision\lab2\data\speckle\087.png
88,9952,8,D:\bennett\computer vision\lab2\data\clean\088.png,D:\bennett\computer vision\lab2\data\gaussian_blur\088.png,D:\bennett\computer vision\lab2\data\salt_pepper\088.png,D:\bennett\computer vision\lab2\data\speckle\088.png
89,9962,2,D:\bennett\computer vision\lab2\data\clean\089.png,D:\bennett\computer vision\lab2\data\gaussian_blur\089.png,D:\bennett\computer vision\lab2\data\salt_pepper\089.png,D:\bennett\computer vision\lab2\data\speckle\089.png
90,10194,2,D:\bennett\computer vision\lab2\data\clean\090.png,D:\bennett\computer vision\lab2\data\gaussian_blur\090.png,D:\bennett\computer vision\lab2\data\salt_pepper\090.png,D:\bennett\computer vision\lab2\data\speckle\090.png
91,10441,5,D:\bennett\computer vision\lab2\data\clean\091.png,D:\bennett\computer vision\lab2\data\gaussian_blur\091.png,D:\bennett\computer vision\lab2\data\salt_pepper\091.png,D:\bennett\computer vision\lab2\data\speckle\091.png
92,10468,1,D:\bennett\computer vision\lab2\data\clean\092.png,D:\bennett\computer vision\lab2\data\gaussian_blur\092.png,D:\bennett\computer vision\lab2\data\salt_pepper\092.png,D:\bennett\computer vision\lab2\data\speckle\092.png
93,10558,4,D:\bennett\computer vision\lab2\data\clean\093.png,D:\bennett\computer vision\lab2\data\gaussian_blur\093.png,D:\bennett\computer vision\lab2\data\salt_pepper\093.png,D:\bennett\computer vision\lab2\data\speckle\093.png
94,10722,9,D:\bennett\computer vision\lab2\data\clean\094.png,D:\bennett\computer vision\lab2\data\gaussian_blur\094.png,D:\bennett\computer vision\lab2\data\salt_pepper\094.png,D:\bennett\computer vision\lab2\data\speckle\094.png
95,10736,4,D:\bennett\computer vision\lab2\data\clean\095.png,D:\bennett\computer vision\lab2\data\gaussian_blur\095.png,D:\bennett\computer vision\lab2\data\salt_pepper\095.png,D:\bennett\computer vision\lab2\data\speckle\095.png
96,10814,5,D:\bennett\computer vision\lab2\data\clean\096.png,D:\bennett\computer vision\lab2\data\gaussian_blur\096.png,D:\bennett\computer vision\lab2\data\salt_pepper\096.png,D:\bennett\computer vision\lab2\data\speckle\096.png
97,10865,3,D:\bennett\computer vision\lab2\data\clean\097.png,D:\bennett\computer vision\lab2\data\gaussian_blur\097.png,D:\bennett\computer vision\lab2\data\salt_pepper\097.png,D:\bennett\computer vision\lab2\data\speckle\097.png
98,10882,3,D:\bennett\computer vision\lab2\data\clean\098.png,D:\bennett\computer vision\lab2\data\gaussian_blur\098.png,D:\bennett\computer vision\lab2\data\salt_pepper\098.png,D:\bennett\computer vision\lab2\data\speckle\098.png
99,11247,7,D:\bennett\computer vision\lab2\data\clean\099.png,D:\bennett\computer vision\lab2\data\gaussian_blur\099.png,D:\bennett\computer vision\lab2\data\salt_pepper\099.png,D:\bennett\computer vision\lab2\data\speckle\099.png
100,11287,1,D:\bennett\computer vision\lab2\data\clean\100.png,D:\bennett\computer vision\lab2\data\gaussian_blur\100.png,D:\bennett\computer vision\lab2\data\salt_pepper\100.png,D:\bennett\computer vision\lab2\data\speckle\100.png
101,11591,7,D:\bennett\computer vision\lab2\data\clean\101.png,D:\bennett\computer vision\lab2\data\gaussian_blur\101.png,D:\bennett\computer vision\lab2\data\salt_pepper\101.png,D:\bennett\computer vision\lab2\data\speckle\101.png
102,11766,7,D:\bennett\computer vision\lab2\data\clean\102.png,D:\bennett\computer vision\lab2\data\gaussian_blur\102.png,D:\bennett\computer vision\lab2\data\salt_pepper\102.png,D:\bennett\computer vision\lab2\data\speckle\102.png
103,11914,0,D:\bennett\computer vision\lab2\data\clean\103.png,D:\bennett\computer vision\lab2\data\gaussian_blur\103.png,D:\bennett\computer vision\lab2\data\salt_pepper\103.png,D:\bennett\computer vision\lab2\data\speckle\103.png
104,11971,2,D:\bennett\computer vision\lab2\data\clean\104.png,D:\bennett\computer vision\lab2\data\gaussian_blur\104.png,D:\bennett\computer vision\lab2\data\salt_pepper\104.png,D:\bennett\computer vision\lab2\data\speckle\104.png
105,11989,8,D:\bennett\computer vision\lab2\data\clean\105.png,D:\bennett\computer vision\lab2\data\gaussian_blur\105.png,D:\bennett\computer vision\lab2\data\salt_pepper\105.png,D:\bennett\computer vision\lab2\data\speckle\105.png
106,12085,8,D:\bennett\computer vision\lab2\data\clean\106.png,D:\bennett\computer vision\lab2\data\gaussian_blur\106.png,D:\bennett\computer vision\lab2\data\salt_pepper\106.png,D:\bennett\computer vision\lab2\data\speckle\106.png
107,12131,9,D:\bennett\computer vision\lab2\data\clean\107.png,D:\bennett\computer vision\lab2\data\gaussian_blur\107.png,D:\bennett\computer vision\lab2\data\salt_pepper\107.png,D:\bennett\computer vision\lab2\data\speckle\107.png
108,12798,1,D:\bennett\computer vision\lab2\data\clean\108.png,D:\bennett\computer vision\lab2\data\gaussian_blur\108.png,D:\bennett\computer vision\lab2\data\salt_pepper\108.png,D:\bennett\computer vision\lab2\data\speckle\108.png
109,13374,2,D:\bennett\computer vision\lab2\data\clean\109.png,D:\bennett\computer vision\lab2\data\gaussian_blur\109.png,D:\bennett\computer vision\lab2\data\salt_pepper\109.png,D:\bennett\computer vision\lab2\data\speckle\109.png
110,13518,8,D:\bennett\computer vision\lab2\data\clean\110.png,D:\bennett\computer vision\lab2\data\gaussian_blur\110.png,D:\bennett\computer vision\lab2\data\salt_pepper\110.png,D:\bennett\computer vision\lab2\data\speckle\110.png
111,13527,2,D:\bennett\computer vision\lab2\data\clean\111.png,D:\bennett\computer vision\lab2\data\gaussian_blur\111.png,D:\bennett\computer vision\lab2\data\salt_pepper\111.png,D:\bennett\computer vision\lab2\data\speckle\111.png
112,13759,6,D:\bennett\computer vision\lab2\data\clean\112.png,D:\bennett\computer vision\lab2\data\gaussian_blur\112.png,D:\bennett\computer vision\lab2\data\salt_pepper\112.png,D:\bennett\computer vision\lab2\data\speckle\112.png
113,13772,6,D:\bennett\computer vision\lab2\data\clean\113.png,D:\bennett\computer vision\lab2\data\gaussian_blur\113.png,D:\bennett\computer vision\lab2\data\salt_pepper\113.png,D:\bennett\computer vision\lab2\data\speckle\113.png
114,13954,8,D:\bennett\computer vision\lab2\data\clean\114.png,D:\bennett\computer vision\lab2\data\gaussian_blur\114.png,D:\bennett\computer vision\lab2\data\salt_pepper\114.png,D:\bennett\computer vision\lab2\data\speckle\114.png
115,13955,0,D:\bennett\computer vision\lab2\data\clean\115.png,D:\bennett\computer vision\lab2\data\gaussian_blur\115.png,D:\bennett\computer vision\lab2\data\salt_pepper\115.png,D:\bennett\computer vision\lab2\data\speckle\115.png
116,14146,9,D:\bennett\computer vision\lab2\data\clean\116.png,D:\bennett\computer vision\lab2\data\gaussian_blur\116.png,D:\bennett\computer vision\lab2\data\salt_pepper\116.png,D:\bennett\computer vision\lab2\data\speckle\116.png
117,14251,5,D:\bennett\computer vision\lab2\data\clean\117.png,D:\bennett\computer vision\lab2\data\gaussian_blur\117.png,D:\bennett\computer vision\lab2\data\salt_pepper\117.png,D:\bennett\computer vision\lab2\data\speckle\117.png
118,14276,0,D:\bennett\computer vision\lab2\data\clean\118.png,D:\bennett\computer vision\lab2\data\gaussian_blur\118.png,D:\bennett\computer vision\lab2\data\salt_pepper\118.png,D:\bennett\computer vision\lab2\data\speckle\118.png
119,14430,0,D:\bennett\computer vision\lab2\data\clean\119.png,D:\bennett\computer vision\lab2\data\gaussian_blur\119.png,D:\bennett\computer vision\lab2\data\salt_pepper\119.png,D:\bennett\computer vision\lab2\data\speckle\119.png
120,14587,4,D:\bennett\computer vision\lab2\data\clean\120.png,D:\bennett\computer vision\lab2\data\gaussian_blur\120.png,D:\bennett\computer vision\lab2\data\salt_pepper\120.png,D:\bennett\computer vision\lab2\data\speckle\120.png
121,14635,3,D:\bennett\computer vision\lab2\data\clean\121.png,D:\bennett\computer vision\lab2\data\gaussian_blur\121.png,D:\bennett\computer vision\lab2\data\salt_pepper\121.png,D:\bennett\computer vision\lab2\data\speckle\121.png
122,15026,1,D:\bennett\computer vision\lab2\data\clean\122.png,D:\bennett\computer vision\lab2\data\gaussian_blur\122.png,D:\bennett\computer vision\lab2\data\salt_pepper\122.png,D:\bennett\computer vision\lab2\data\speckle\122.png
123,15318,0,D:\bennett\computer vision\lab2\data\clean\123.png,D:\bennett\computer vision\lab2\data\gaussian_blur\123.png,D:\bennett\computer vision\lab2\data\salt_pepper\123.png,D:\bennett\computer vision\lab2\data\speckle\123.png
124,15592,9,D:\bennett\computer vision\lab2\data\clean\124.png,D:\bennett\computer vision\lab2\data\gaussian_blur\124.png,D:\bennett\computer vision\lab2\data\salt_pepper\124.png,D:\bennett\computer vision\lab2\data\speckle\124.png
125,15716,1,D:\bennett\computer vision\lab2\data\clean\125.png,D:\bennett\computer vision\lab2\data\gaussian_blur\125.png,D:\bennett\computer vision\lab2\data\salt_pepper\125.png,D:\bennett\computer vision\lab2\data\speckle\125.png
126,15734,0,D:\bennett\computer vision\lab2\data\clean\126.png,D:\bennett\computer vision\lab2\data\gaussian_blur\126.png,D:\bennett\computer vision\lab2\data\salt_pepper\126.png,D:\bennett\computer vision\lab2\data\speckle\126.png
127,15874,5,D:\bennett\computer vision\lab2\data\clean\127.png,D:\bennett\computer vision\lab2\data\gaussian_blur\127.png,D:\bennett\computer vision\lab2\data\salt_pepper\127.png,D:\bennett\computer vision\lab2\data\speckle\127.png
128,15963,8,D:\bennett\computer vision\lab2\data\clean\128.png,D:\bennett\computer vision\lab2\data\gaussian_blur\128.png,D:\bennett\computer vision\lab2\data\salt_pepper\128.png,D:\bennett\computer vision\lab2\data\speckle\128.png
129,16257,5,D:\bennett\computer vision\lab2\data\clean\129.png,D:\bennett\computer vision\lab2\data\gaussian_blur\129.png,D:\bennett\computer vision\lab2\data\salt_pepper\129.png,D:\bennett\computer vision\lab2\data\speckle\129.png
130,16477,9,D:\bennett\computer vision\lab2\data\clean\130.png,D:\bennett\computer vision\lab2\data\gaussian_blur\130.png,D:\bennett\computer vision\lab2\data\salt_pepper\130.png,D:\bennett\computer vision\lab2\data\speckle\130.png
131,16490,5,D:\bennett\computer vision\lab2\data\clean\131.png,D:\bennett\computer vision\lab2\data\gaussian_blur\131.png,D:\bennett\computer vision\lab2\data\salt_pepper\131.png,D:\bennett\computer vision\lab2\data\speckle\131.png
132,16494,5,D:\bennett\computer vision\lab2\data\clean\132.png,D:\bennett\computer vision\lab2\data\gaussian_blur\132.png,D:\bennett\computer vision\lab2\data\salt_pepper\132.png,D:\bennett\computer vision\lab2\data\speckle\132.png
133,16519,0,D:\bennett\computer vision\lab2\data\clean\133.png,D:\bennett\computer vision\lab2\data\gaussian_blur\133.png,D:\bennett\computer vision\lab2\data\salt_pepper\133.png,D:\bennett\computer vision\lab2\data\speckle\133.png
134,16733,5,D:\bennett\computer vision\lab2\data\clean\134.png,D:\bennett\computer vision\lab2\data\gaussian_blur\134.png,D:\bennett\computer vision\lab2\data\salt_pepper\134.png,D:\bennett\computer vision\lab2\data\speckle\134.png
135,16785,8,D:\bennett\computer vision\lab2\data\clean\135.png,D:\bennett\computer vision\lab2\data\gaussian_blur\135.png,D:\bennett\computer vision\lab2\data\salt_pepper\135.png,D:\bennett\computer vision\lab2\data\speckle\135.png
136,16802,4,D:\bennett\computer vision\lab2\data\clean\136.png,D:\bennett\computer vision\lab2\data\gaussian_blur\136.png,D:\bennett\computer vision\lab2\data\salt_pepper\136.png,D:\bennett\computer vision\lab2\data\speckle\136.png
137,16821,6,D:\bennett\computer vision\lab2\data\clean\137.png,D:\bennett\computer vision\lab2\data\gaussian_blur\137.png,D:\bennett\computer vision\lab2\data\salt_pepper\137.png,D:\bennett\computer vision\lab2\data\speckle\137.png
138,17016,5,D:\bennett\computer vision\lab2\data\clean\138.png,D:\bennett\computer vision\lab2\data\gaussian_blur\138.png,D:\bennett\computer vision\lab2\data\salt_pepper\138.png,D:\bennett\computer vision\lab2\data\speckle\138.png
139,17172,5,D:\bennett\computer vision\lab2\data\clean\139.png,D:\bennett\computer vision\lab2\data\gaussian_blur\139.png,D:\bennett\computer vision\lab2\data\salt_pepper\139.png,D:\bennett\computer vision\lab2\data\speckle\139.png
140,17183,7,D:\bennett\computer vision\lab2\data\clean\140.png,D:\bennett\computer vision\lab2\data\gaussian_blur\140.png,D:\bennett\computer vision\lab2\data\salt_pepper\140.png,D:\bennett\computer vision\lab2\data\speckle\140.png
141,17270,8,D:\bennett\computer vision\lab2\data\clean\141.png,D:\bennett\computer vision\lab2\data\gaussian_blur\141.png,D:\bennett\computer vision\lab2\data\salt_pepper\141.png,D:\bennett\computer vision\lab2\data\speckle\141.png
142,17389,3,D:\bennett\computer vision\lab2\data\clean\142.png,D:\bennett\computer vision\lab2\data\gaussian_blur\142.png,D:\bennett\computer vision\lab2\data\salt_pepper\142.png,D:\bennett\computer vision\lab2\data\speckle\142.png
143,17409,3,D:\bennett\computer vision\lab2\data\clean\143.png,D:\bennett\computer vision\lab2\data\gaussian_blur\143.png,D:\bennett\computer vision\lab2\data\salt_pepper\143.png,D:\bennett\computer vision\lab2\data\speckle\143.png
144,17514,5,D:\bennett\computer vision\lab2\data\clean\144.png,D:\bennett\computer vision\lab2\data\gaussian_blur\144.png,D:\bennett\computer vision\lab2\data\salt_pepper\144.png,D:\bennett\computer vision\lab2\data\speckle\144.png
145,17617,7,D:\bennett\computer vision\lab2\data\clean\145.png,D:\bennett\computer vision\lab2\data\gaussian_blur\145.png,D:\bennett\computer vision\lab2\data\salt_pepper\145.png,D:\bennett\computer vision\lab2\data\speckle\145.png
146,17768,8,D:\bennett\computer vision\lab2\data\clean\146.png,D:\bennett\computer vision\lab2\data\gaussian_blur\146.png,D:\bennett\computer vision\lab2\data\salt_pepper\146.png,D:\bennett\computer vision\lab2\data\speckle\146.png
147,17883,1,D:\bennett\computer vision\lab2\data\clean\147.png,D:\bennett\computer vision\lab2\data\gaussian_blur\147.png,D:\bennett\computer vision\lab2\data\salt_pepper\147.png,D:\bennett\computer vision\lab2\data\speckle\147.png
148,17928,1,D:\bennett\computer vision\lab2\data\clean\148.png,D:\bennett\computer vision\lab2\data\gaussian_blur\148.png,D:\bennett\computer vision\lab2\data\salt_pepper\148.png,D:\bennett\computer vision\lab2\data\speckle\148.png
149,17997,3,D:\bennett\computer vision\lab2\data\clean\149.png,D:\bennett\computer vision\lab2\data\gaussian_blur\149.png,D:\bennett\computer vision\lab2\data\salt_pepper\149.png,D:\bennett\computer vision\lab2\data\speckle\149.png
150,18039,3,D:\bennett\computer vision\lab2\data\clean\150.png,D:\bennett\computer vision\lab2\data\gaussian_blur\150.png,D:\bennett\computer vision\lab2\data\salt_pepper\150.png,D:\bennett\computer vision\lab2\data\speckle\150.png
151,18072,1,D:\bennett\computer vision\lab2\data\clean\151.png,D:\bennett\computer vision\lab2\data\gaussian_blur\151.png,D:\bennett\computer vision\lab2\data\salt_pepper\151.png,D:\bennett\computer vision\lab2\data\speckle\151.png
152,18126,8,D:\bennett\computer vision\lab2\data\clean\152.png,D:\bennett\computer vision\lab2\data\gaussian_blur\152.png,D:\bennett\computer vision\lab2\data\salt_pepper\152.png,D:\bennett\computer vision\lab2\data\speckle\152.png
153,18273,0,D:\bennett\computer vision\lab2\data\clean\153.png,D:\bennett\computer vision\lab2\data\gaussian_blur\153.png,D:\bennett\computer vision\lab2\data\salt_pepper\153.png,D:\bennett\computer vision\lab2\data\speckle\153.png
154,18439,8,D:\bennett\computer vision\lab2\data\clean\154.png,D:\bennett\computer vision\lab2\data\gaussian_blur\154.png,D:\bennett\computer vision\lab2\data\salt_pepper\154.png,D:\bennett\computer vision\lab2\data\speckle\154.png
155,18545,1,D:\bennett\computer vision\lab2\data\clean\155.png,D:\bennett\computer vision\lab2\data\gaussian_blur\155.png,D:\bennett\computer vision\lab2\data\salt_pepper\155.png,D:\bennett\computer vision\lab2\data\speckle\155.png
156,18588,3,D:\bennett\computer vision\lab2\data\clean\156.png,D:\bennett\computer vision\lab2\data\gaussian_blur\156.png,D:\bennett\computer vision\lab2\data\salt_pepper\156.png,D:\bennett\computer vision\lab2\data\speckle\156.png
157,18613,2,D:\bennett\computer vision\lab2\data\clean\157.png,D:\bennett\computer vision\lab2\data\gaussian_blur\157.png,D:\bennett\computer vision\lab2\data\salt_pepper\157.png,D:\bennett\computer vision\lab2\data\speckle\157.png
158,18807,4,D:\bennett\computer vision\lab2\data\clean\158.png,D:\bennett\computer vision\lab2\data\gaussian_blur\158.png,D:\bennett\computer vision\lab2\data\salt_pepper\158.png,D:\bennett\computer vision\lab2\data\speckle\158.png
159,18881,0,D:\bennett\computer vision\lab2\data\clean\159.png,D:\bennett\computer vision\lab2\data\gaussian_blur\159.png,D:\bennett\computer vision\lab2\data\salt_pepper\159.png,D:\bennett\computer vision\lab2\data\speckle\159.png
160,18914,0,D:\bennett\computer vision\lab2\data\clean\160.png,D:\bennett\computer vision\lab2\data\gaussian_blur\160.png,D:\bennett\computer vision\lab2\data\salt_pepper\160.png,D:\bennett\computer vision\lab2\data\speckle\160.png
161,18976,9,D:\bennett\computer vision\lab2\data\clean\161.png,D:\bennett\computer vision\lab2\data\gaussian_blur\161.png,D:\bennett\computer vision\lab2\data\salt_pepper\161.png,D:\bennett\computer vision\lab2\data\speckle\161.png
162,19165,2,D:\bennett\computer vision\lab2\data\clean\162.png,D:\bennett\computer vision\lab2\data\gaussian_blur\162.png,D:\bennett\computer vision\lab2\data\salt_pepper\162.png,D:\bennett\computer vision\lab2\data\speckle\162.png
163,19183,7,D:\bennett\computer vision\lab2\data\clean\163.png,D:\bennett\computer vision\lab2\data\gaussian_blur\163.png,D:\bennett\computer vision\lab2\data\salt_pepper\163.png,D:\bennett\computer vision\lab2\data\speckle\163.png
164,19193,7,D:\bennett\computer vision\lab2\data\clean\164.png,D:\bennett\computer vision\lab2\data\gaussian_blur\164.png,D:\bennett\computer vision\lab2\data\salt_pepper\164.png,D:\bennett\computer vision\lab2\data\speckle\164.png
165,19408,6,D:\bennett\computer vision\lab2\data\clean\165.png,D:\bennett\computer vision\lab2\data\gaussian_blur\165.png,D:\bennett\computer vision\lab2\data\salt_pepper\165.png,D:\bennett\computer vision\lab2\data\speckle\165.png
166,19672,4,D:\bennett\computer vision\lab2\data\clean\166.png,D:\bennett\computer vision\lab2\data\gaussian_blur\166.png,D:\bennett\computer vision\lab2\data\salt_pepper\166.png,D:\bennett\computer vision\lab2\data\speckle\166.png
167,19710,6,D:\bennett\computer vision\lab2\data\clean\167.png,D:\bennett\computer vision\lab2\data\gaussian_blur\167.png,D:\bennett\computer vision\lab2\data\salt_pepper\167.png,D:\bennett\computer vision\lab2\data\speckle\167.png
168,19825,5,D:\bennett\computer vision\lab2\data\clean\168.png,D:\bennett\computer vision\lab2\data\gaussian_blur\168.png,D:\bennett\computer vision\lab2\data\salt_pepper\168.png,D:\bennett\computer vision\lab2\data\speckle\168.png
169,19946,6,D:\bennett\computer vision\lab2\data\clean\169.png,D:\bennett\computer vision\lab2\data\gaussian_blur\169.png,D:\bennett\computer vision\lab2\data\salt_pepper\169.png,D:\bennett\computer vision\lab2\data\speckle\169.png
170,20050,9,D:\bennett\computer vision\lab2\data\clean\170.png,D:\bennett\computer vision\lab2\data\gaussian_blur\170.png,D:\bennett\computer vision\lab2\data\salt_pepper\170.png,D:\bennett\computer vision\lab2\data\speckle\170.png
171,20091,5,D:\bennett\computer vision\lab2\data\clean\171.png,D:\bennett\computer vision\lab2\data\gaussian_blur\171.png,D:\bennett\computer vision\lab2\data\salt_pepper\171.png,D:\bennett\computer vision\lab2\data\speckle\171.png
172,20234,4,D:\bennett\computer vision\lab2\data\clean\172.png,D:\bennett\computer vision\lab2\data\gaussian_blur\172.png,D:\bennett\computer vision\lab2\data\salt_pepper\172.png,D:\bennett\computer vision\lab2\data\speckle\172.png
173,20451,3,D:\bennett\computer vision\lab2\data\clean\173.png,D:\bennett\computer vision\lab2\data\gaussian_blur\173.png,D:\bennett\computer vision\lab2\data\salt_pepper\173.png,D:\bennett\computer vision\lab2\data\speckle\173.png
174,20724,0,D:\bennett\computer vision\lab2\data\clean\174.png,D:\bennett\computer vision\lab2\data\gaussian_blur\174.png,D:\bennett\computer vision\lab2\data\salt_pepper\174.png,D:\bennett\computer vision\lab2\data\speckle\174.png
175,20731,0,D:\bennett\computer vision\lab2\data\clean\175.png,D:\bennett\computer vision\lab2\data\gaussian_blur\175.png,D:\bennett\computer vision\lab2\data\salt_pepper\175.png,D:\bennett\computer vision\lab2\data\speckle\175.png
176,21109,1,D:\bennett\computer vision\lab2\data\clean\176.png,D:\bennett\computer vision\lab2\data\gaussian_blur\176.png,D:\bennett\computer vision\lab2\data\salt_pepper\176.png,D:\bennett\computer vision\lab2\data\speckle\176.png
177,21598,2,D:\bennett\computer vision\lab2\data\clean\177.png,D:\bennett\computer vision\lab2\data\gaussian_blur\177.png,D:\bennett\computer vision\lab2\data\salt_pepper\177.png,D:\bennett\computer vision\lab2\data\speckle\177.png
178,21671,5,D:\bennett\computer vision\lab2\data\clean\178.png,D:\bennett\computer vision\lab2\data\gaussian_blur\178.png,D:\bennett\computer vision\lab2\data\salt_pepper\178.png,D:\bennett\computer vision\lab2\data\speckle\178.png
179,21748,9,D:\bennett\computer vision\lab2\data\clean\179.png,D:\bennett\computer vision\lab2\data\gaussian_blur\179.png,D:\bennett\computer vision\lab2\data\salt_pepper\179.png,D:\bennett\computer vision\lab2\data\speckle\179.png
180,21838,6,D:\bennett\computer vision\lab2\data\clean\180.png,D:\bennett\computer vision\lab2\data\gaussian_blur\180.png,D:\bennett\computer vision\lab2\data\salt_pepper\180.png,D:\bennett\computer vision\lab2\data\speckle\180.png
181,21866,3,D:\bennett\computer vision\lab2\data\clean\181.png,D:\bennett\computer vision\lab2\data\gaussian_blur\181.png,D:\bennett\computer vision\lab2\data\salt_pepper\181.png,D:\bennett\computer vision\lab2\data\speckle\181.png
182,21993,3,D:\bennett\computer vision\lab2\data\clean\182.png,D:\bennett\computer vision\lab2\data\gaussian_blur\182.png,D:\bennett\computer vision\lab2\data\salt_pepper\182.png,D:\bennett\computer vision\lab2\data\speckle\182.png
183,22067,2,D:\bennett\computer vision\lab2\data\clean\183.png,D:\bennett\computer vision\lab2\data\gaussian_blur\183.png,D:\bennett\computer vision\lab2\data\salt_pepper\183.png,D:\bennett\computer vision\lab2\data\speckle\183.png
184,22070,2,D:\bennett\computer vision\lab2\data\clean\184.png,D:\bennett\computer vision\lab2\data\gaussian_blur\184.png,D:\bennett\computer vision\lab2\data\salt_pepper\184.png,D:\bennett\computer vision\lab2\data\speckle\184.png
185,22193,5,D:\bennett\computer vision\lab2\data\clean\185.png,D:\bennett\computer vision\lab2\data\gaussian_blur\185.png,D:\bennett\computer vision\lab2\data\salt_pepper\185.png,D:\bennett\computer vision\lab2\data\speckle\185.png
186,22372,4,D:\bennett\computer vision\lab2\data\clean\186.png,D:\bennett\computer vision\lab2\data\gaussian_blur\186.png,D:\bennett\computer vision\lab2\data\salt_pepper\186.png,D:\bennett\computer vision\lab2\data\speckle\186.png
187,22450,9,D:\bennett\computer vision\lab2\data\clean\187.png,D:\bennett\computer vision\lab2\data\gaussian_blur\187.png,D:\bennett\computer vision\lab2\data\salt_pepper\187.png,D:\bennett\computer vision\lab2\data\speckle\187.png
188,22742,2,D:\bennett\computer vision\lab2\data\clean\188.png,D:\bennett\computer vision\lab2\data\gaussian_blur\188.png,D:\bennett\computer vision\lab2\data\salt_pepper\188.png,D:\bennett\computer vision\lab2\data\speckle\188.png
189,22753,7,D:\bennett\computer vision\lab2\data\clean\189.png,D:\bennett\computer vision\lab2\data\gaussian_blur\189.png,D:\bennett\computer vision\lab2\data\salt_pepper\189.png,D:\bennett\computer vision\lab2\data\speckle\189.png
190,23091,8,D:\bennett\computer vision\lab2\data\clean\190.png,D:\bennett\computer vision\lab2\data\gaussian_blur\190.png,D:\bennett\computer vision\lab2\data\salt_pepper\190.png,D:\bennett\computer vision\lab2\data\speckle\190.png
191,23830,6,D:\bennett\computer vision\lab2\data\clean\191.png,D:\bennett\computer vision\lab2\data\gaussian_blur\191.png,D:\bennett\computer vision\lab2\data\salt_pepper\191.png,D:\bennett\computer vision\lab2\data\speckle\191.png
192,23954,1,D:\bennett\computer vision\lab2\data\clean\192.png,D:\bennett\computer vision\lab2\data\gaussian_blur\192.png,D:\bennett\computer vision\lab2\data\salt_pepper\192.png,D:\bennett\computer vision\lab2\data\speckle\192.png
193,24246,9,D:\bennett\computer vision\lab2\data\clean\193.png,D:\bennett\computer vision\lab2\data\gaussian_blur\193.png,D:\bennett\computer vision\lab2\data\salt_pepper\193.png,D:\bennett\computer vision\lab2\data\speckle\193.png
194,24366,1,D:\bennett\computer vision\lab2\data\clean\194.png,D:\bennett\computer vision\lab2\data\gaussian_blur\194.png,D:\bennett\computer vision\lab2\data\salt_pepper\194.png,D:\bennett\computer vision\lab2\data\speckle\194.png
195,24413,9,D:\bennett\computer vision\lab2\data\clean\195.png,D:\bennett\computer vision\lab2\data\gaussian_blur\195.png,D:\bennett\computer vision\lab2\data\salt_pepper\195.png,D:\bennett\computer vision\lab2\data\speckle\195.png
196,24472,4,D:\bennett\computer vision\lab2\data\clean\196.png,D:\bennett\computer vision\lab2\data\gaussian_blur\196.png,D:\bennett\computer vision\lab2\data\salt_pepper\196.png,D:\bennett\computer vision\lab2\data\speckle\196.png
197,24561,7,D:\bennett\computer vision\lab2\data\clean\197.png,D:\bennett\computer vision\lab2\data\gaussian_blur\197.png,D:\bennett\computer vision\lab2\data\salt_pepper\197.png,D:\bennett\computer vision\lab2\data\speckle\197.png
198,24752,2,D:\bennett\computer vision\lab2\data\clean\198.png,D:\bennett\computer vision\lab2\data\gaussian_blur\198.png,D:\bennett\computer vision\lab2\data\salt_pepper\198.png,D:\bennett\computer vision\lab2\data\speckle\198.png
199,24843,9,D:\bennett\computer vision\lab2\data\clean\199.png,D:\bennett\computer vision\lab2\data\gaussian_blur\199.png,D:\bennett\computer vision\lab2\data\salt_pepper\199.png,D:\bennett\computer vision\lab2\data\speckle\199.png
200,24937,8,D:\bennett\computer vision\lab2\data\clean\200.png,D:\bennett\computer vision\lab2\data\gaussian_blur\200.png,D:\bennett\computer vision\lab2\data\salt_pepper\200.png,D:\bennett\computer vision\lab2\data\speckle\200.png
201,24990,7,D:\bennett\computer vision\lab2\data\clean\201.png,D:\bennett\computer vision\lab2\data\gaussian_blur\201.png,D:\bennett\computer vision\lab2\data\salt_pepper\201.png,D:\bennett\computer vision\lab2\data\speckle\201.png
202,24995,5,D:\bennett\computer vision\lab2\data\clean\202.png,D:\bennett\computer vision\lab2\data\gaussian_blur\202.png,D:\bennett\computer vision\lab2\data\salt_pepper\202.png,D:\bennett\computer vision\lab2\data\speckle\202.png
203,25131,8,D:\bennett\computer vision\lab2\data\clean\203.png,D:\bennett\computer vision\lab2\data\gaussian_blur\203.png,D:\bennett\computer vision\lab2\data\salt_pepper\203.png,D:\bennett\computer vision\lab2\data\speckle\203.png
204,25552,3,D:\bennett\computer vision\lab2\data\clean\204.png,D:\bennett\computer vision\lab2\data\gaussian_blur\204.png,D:\bennett\computer vision\lab2\data\salt_pepper\204.png,D:\bennett\computer vision\lab2\data\speckle\204.png
205,25766,8,D:\bennett\computer vision\lab2\data\clean\205.png,D:\bennett\computer vision\lab2\data\gaussian_blur\205.png,D:\bennett\computer vision\lab2\data\salt_pepper\205.png,D:\bennett\computer vision\lab2\data\speckle\205.png
206,25812,1,D:\bennett\computer vision\lab2\data\clean\206.png,D:\bennett\computer vision\lab2\data\gaussian_blur\206.png,D:\bennett\computer vision\lab2\data\salt_pepper\206.png,D:\bennett\computer vision\lab2\data\speckle\206.png
207,25909,9,D:\bennett\computer vision\lab2\data\clean\207.png,D:\bennett\computer vision\lab2\data\gaussian_blur\207.png,D:\bennett\computer vision\lab2\data\salt_pepper\207.png,D:\bennett\computer vision\lab2\data\speckle\207.png
208,25913,5,D:\bennett\computer vision\lab2\data\clean\208.png,D:\bennett\computer vision\lab2\data\gaussian_blur\208.png,D:\bennett\computer vision\lab2\data\salt_pepper\208.png,D:\bennett\computer vision\lab2\data\speckle\208.png
209,25934,1,D:\bennett\computer vision\lab2\data\clean\209.png,D:\bennett\computer vision\lab2\data\gaussian_blur\209.png,D:\bennett\computer vision\lab2\data\salt_pepper\209.png,D:\bennett\computer vision\lab2\data\speckle\209.png
210,25981,1,D:\bennett\computer vision\lab2\data\clean\210.png,D:\bennett\computer vision\lab2\data\gaussian_blur\210.png,D:\bennett\computer vision\lab2\data\salt_pepper\210.png,D:\bennett\computer vision\lab2\data\speckle\210.png
211,26001,7,D:\bennett\computer vision\lab2\data\clean\211.png,D:\bennett\computer vision\lab2\data\gaussian_blur\211.png,D:\bennett\computer vision\lab2\data\salt_pepper\211.png,D:\bennett\computer vision\lab2\data\speckle\211.png
212,26042,9,D:\bennett\computer vision\lab2\data\clean\212.png,D:\bennett\computer vision\lab2\data\gaussian_blur\212.png,D:\bennett\computer vision\lab2\data\salt_pepper\212.png,D:\bennett\computer vision\lab2\data\speckle\212.png
213,26045,9,D:\bennett\computer vision\lab2\data\clean\213.png,D:\bennett\computer vision\lab2\data\gaussian_blur\213.png,D:\bennett\computer vision\lab2\data\salt_pepper\213.png,D:\bennett\computer vision\lab2\data\speckle\213.png
214,26046,2,D:\bennett\computer vision\lab2\data\clean\214.png,D:\bennett\computer vision\lab2\data\gaussian_blur\214.png,D:\bennett\computer vision\lab2\data\salt_pepper\214.png,D:\bennett\computer vision\lab2\data\speckle\214.png
215,26115,8,D:\bennett\computer vision\lab2\data\clean\215.png,D:\bennett\computer vision\lab2\data\gaussian_blur\215.png,D:\bennett\computer vision\lab2\data\salt_pepper\215.png,D:\bennett\computer vision\lab2\data\speckle\215.png
216,26210,0,D:\bennett\computer vision\lab2\data\clean\216.png,D:\bennett\computer vision\lab2\data\gaussian_blur\216.png,D:\bennett\computer vision\lab2\data\salt_pepper\216.png,D:\bennett\computer vision\lab2\data\speckle\216.png
217,26246,4,D:\bennett\computer vision\lab2\data\clean\217.png,D:\bennett\computer vision\lab2\data\gaussian_blur\217.png,D:\bennett\computer vision\lab2\data\salt_pepper\217.png,D:\bennett\computer vision\lab2\data\speckle\217.png
218,26375,6,D:\bennett\computer vision\lab2\data\clean\218.png,D:\bennett\computer vision\lab2\data\gaussian_blur\218.png,D:\bennett\computer vision\lab2\data\salt_pepper\218.png,D:\bennett\computer vision\lab2\data\speckle\218.png
219,26396,6,D:\bennett\computer vision\lab2\data\clean\219.png,D:\bennett\computer vision\lab2\data\gaussian_blur\219.png,D:\bennett\computer vision\lab2\data\salt_pepper\219.png,D:\bennett\computer vision\lab2\data\speckle\219.png
220,26539,1,D:\bennett\computer vision\lab2\data\clean\220.png,D:\bennett\computer vision\lab2\data\gaussian_blur\220.png,D:\bennett\computer vision\lab2\data\salt_pepper\220.png,D:\bennett\computer vision\lab2\data\speckle\220.png
221,26629,3,D:\bennett\computer vision\lab2\data\clean\221.png,D:\bennett\computer vision\lab2\data\gaussian_blur\221.png,D:\bennett\computer vision\lab2\data\salt_pepper\221.png,D:\bennett\computer vision\lab2\data\speckle\221.png
222,26695,5,D:\bennett\computer vision\lab2\data\clean\222.png,D:\bennett\computer vision\lab2\data\gaussian_blur\222.png,D:\bennett\computer vision\lab2\data\salt_pepper\222.png,D:\bennett\computer vision\lab2\data\speckle\222.png
223,26718,2,D:\bennett\computer vision\lab2\data\clean\223.png,D:\bennett\computer vision\lab2\data\gaussian_blur\223.png,D:\bennett\computer vision\lab2\data\salt_pepper\223.png,D:\bennett\computer vision\lab2\data\speckle\223.png
224,26806,9,D:\bennett\computer vision\lab2\data\clean\224.png,D:\bennett\computer vision\lab2\data\gaussian_blur\224.png,D:\bennett\computer vision\lab2\data\salt_pepper\224.png,D:\bennett\computer vision\lab2\data\speckle\224.png
225,26816,4,D:\bennett\computer vision\lab2\data\clean\225.png,D:\bennett\computer vision\lab2\data\gaussian_blur\225.png,D:\bennett\computer vision\lab2\data\salt_pepper\225.png,D:\bennett\computer vision\lab2\data\speckle\225.png
226,26833,9,D:\bennett\computer vision\lab2\data\clean\226.png,D:\bennett\computer vision\lab2\data\gaussian_blur\226.png,D:\bennett\computer vision\lab2\data\salt_pepper\226.png,D:\bennett\computer vision\lab2\data\speckle\226.png
227,27219,7,D:\bennett\computer vision\lab2\data\clean\227.png,D:\bennett\computer vision\lab2\data\gaussian_blur\227.png,D:\bennett\computer vision\lab2\data\salt_pepper\227.png,D:\bennett\computer vision\lab2\data\speckle\227.png
228,27310,5,D:\bennett\computer vision\lab2\data\clean\228.png,D:\bennett\computer vision\lab2\data\gaussian_blur\228.png,D:\bennett\computer vision\lab2\data\salt_pepper\228.png,D:\bennett\computer vision\lab2\data\speckle\228.png
229,27357,7,D:\bennett\computer vision\lab2\data\clean\229.png,D:\bennett\computer vision\lab2\data\gaussian_blur\229.png,D:\bennett\computer vision\lab2\data\salt_pepper\229.png,D:\bennett\computer vision\lab2\data\speckle\229.png
230,27526,5,D:\bennett\computer vision\lab2\data\clean\230.png,D:\bennett\computer vision\lab2\data\gaussian_blur\230.png,D:\bennett\computer vision\lab2\data\salt_pepper\230.png,D:\bennett\computer vision\lab2\data\speckle\230.png
231,27562,8,D:\bennett\computer vision\lab2\data\clean\231.png,D:\bennett\computer vision\lab2\data\gaussian_blur\231.png,D:\bennett\computer vision\lab2\data\salt_pepper\231.png,D:\bennett\computer vision\lab2\data\speckle\231.png
232,27578,1,D:\bennett\computer vision\lab2\data\clean\232.png,D:\bennett\computer vision\lab2\data\gaussian_blur\232.png,D:\bennett\computer vision\lab2\data\salt_pepper\232.png,D:\bennett\computer vision\lab2\data\speckle\232.png
233,27667,7,D:\bennett\computer vision\lab2\data\clean\233.png,D:\bennett\computer vision\lab2\data\gaussian_blur\233.png,D:\bennett\computer vision\lab2\data\salt_pepper\233.png,D:\bennett\computer vision\lab2\data\speckle\233.png
234,27773,9,D:\bennett\computer vision\lab2\data\clean\234.png,D:\bennett\computer vision\lab2\data\gaussian_blur\234.png,D:\bennett\computer vision\lab2\data\salt_pepper\234.png,D:\bennett\computer vision\lab2\data\speckle\234.png
235,27795,3,D:\bennett\computer vision\lab2\data\clean\235.png,D:\bennett\computer vision\lab2\data\gaussian_blur\235.png,D:\bennett\computer vision\lab2\data\salt_pepper\235.png,D:\bennett\computer vision\lab2\data\speckle\235.png
236,27922,4,D:\bennett\computer vision\lab2\data\clean\236.png,D:\bennett\computer vision\lab2\data\gaussian_blur\236.png,D:\bennett\computer vision\lab2\data\salt_pepper\236.png,D:\bennett\computer vision\lab2\data\speckle\236.png
237,27971,7,D:\bennett\computer vision\lab2\data\clean\237.png,D:\bennett\computer vision\lab2\data\gaussian_blur\237.png,D:\bennett\computer vision\lab2\data\salt_pepper\237.png,D:\bennett\computer vision\lab2\data\speckle\237.png
238,28030,0,D:\bennett\computer vision\lab2\data\clean\238.png,D:\bennett\computer vision\lab2\data\gaussian_blur\238.png,D:\bennett\computer vision\lab2\data\salt_pepper\238.png,D:\bennett\computer vision\lab2\data\speckle\238.png
239,28088,9,D:\bennett\computer vision\lab2\data\clean\239.png,D:\bennett\computer vision\lab2\data\gaussian_blur\239.png,D:\bennett\computer vision\lab2\data\salt_pepper\239.png,D:\bennett\computer vision\lab2\data\speckle\239.png
240,28109,4,D:\bennett\computer vision\lab2\data\clean\240.png,D:\bennett\computer vision\lab2\data\gaussian_blur\240.png,D:\bennett\computer vision\lab2\data\salt_pepper\240.png,D:\bennett\computer vision\lab2\data\speckle\240.png
241,28110,1,D:\bennett\computer vision\lab2\data\clean\241.png,D:\bennett\computer vision\lab2\data\gaussian_blur\241.png,D:\bennett\computer vision\lab2\data\salt_pepper\241.png,D:\bennett\computer vision\lab2\data\speckle\241.png
242,28309,7,D:\bennett\computer vision\lab2\data\clean\242.png,D:\bennett\computer vision\lab2\data\gaussian_blur\242.png,D:\bennett\computer vision\lab2\data\salt_pepper\242.png,D:\bennett\computer vision\lab2\data\speckle\242.png
243,28340,5,D:\bennett\computer vision\lab2\data\clean\243.png,D:\bennett\computer vision\lab2\data\gaussian_blur\243.png,D:\bennett\computer vision\lab2\data\salt_pepper\243.png,D:\bennett\computer vision\lab2\data\speckle\243.png
244,28830,6,D:\bennett\computer vision\lab2\data\clean\244.png,D:\bennett\computer vision\lab2\data\gaussian_blur\244.png,D:\bennett\computer vision\lab2\data\salt_pepper\244.png,D:\bennett\computer vision\lab2\data\speckle\244.png
245,29093,9,D:\bennett\computer vision\lab2\data\clean\245.png,D:\bennett\computer vision\lab2\data\gaussian_blur\245.png,D:\bennett\computer vision\lab2\data\salt_pepper\245.png,D:\bennett\computer vision\lab2\data\speckle\245.png
246,29287,2,D:\bennett\computer vision\lab2\data\clean\246.png,D:\bennett\computer vision\lab2\data\gaussian_blur\246.png,D:\bennett\computer vision\lab2\data\salt_pepper\246.png,D:\bennett\computer vision\lab2\data\speckle\246.png
247,29336,0,D:\bennett\computer vision\lab2\data\clean\247.png,D:\bennett\computer vision\lab2\data\gaussian_blur\247.png,D:\bennett\computer vision\lab2\data\salt_pepper\247.png,D:\bennett\computer vision\lab2\data\speckle\247.png
248,29435,4,D:\bennett\computer vision\lab2\data\clean\248.png,D:\bennett\computer vision\lab2\data\gaussian_blur\248.png,D:\bennett\computer vision\lab2\data\salt_pepper\248.png,D:\bennett\computer vision\lab2\data\speckle\248.png
249,29516,7,D:\bennett\computer vision\lab2\data\clean\249.png,D:\bennett\computer vision\lab2\data\gaussian_blur\249.png,D:\bennett\computer vision\lab2\data\salt_pepper\249.png,D:\bennett\computer vision\lab2\data\speckle\249.png
250,29556,1,D:\bennett\computer vision\lab2\data\clean\250.png,D:\bennett\computer vision\lab2\data\gaussian_blur\250.png,D:\bennett\computer vision\lab2\data\salt_pepper\250.png,D:\bennett\computer vision\lab2\data\speckle\250.png
251,29581,7,D:\bennett\computer vision\lab2\data\clean\251.png,D:\bennett\computer vision\lab2\data\gaussian_blur\251.png,D:\bennett\computer vision\lab2\data\salt_pepper\251.png,D:\bennett\computer vision\lab2\data\speckle\251.png
252,29645,4,D:\bennett\computer vision\lab2\data\clean\252.png,D:\bennett\computer vision\lab2\data\gaussian_blur\252.png,D:\bennett\computer vision\lab2\data\salt_pepper\252.png,D:\bennett\computer vision\lab2\data\speckle\252.png
253,29682,6,D:\bennett\computer vision\lab2\data\clean\253.png,D:\bennett\computer vision\lab2\data\gaussian_blur\253.png,D:\bennett\computer vision\lab2\data\salt_pepper\253.png,D:\bennett\computer vision\lab2\data\speckle\253.png
254,29781,5,D:\bennett\computer vision\lab2\data\clean\254.png,D:\bennett\computer vision\lab2\data\gaussian_blur\254.png,D:\bennett\computer vision\lab2\data\salt_pepper\254.png,D:\bennett\computer vision\lab2\data\speckle\254.png
255,29902,1,D:\bennett\computer vision\lab2\data\clean\255.png,D:\bennett\computer vision\lab2\data\gaussian_blur\255.png,D:\bennett\computer vision\lab2\data\salt_pepper\255.png,D:\bennett\computer vision\lab2\data\speckle\255.png
256,29910,4,D:\bennett\computer vision\lab2\data\clean\256.png,D:\bennett\computer vision\lab2\data\gaussian_blur\256.png,D:\bennett\computer vision\lab2\data\salt_pepper\256.png,D:\bennett\computer vision\lab2\data\speckle\256.png
257,29926,0,D:\bennett\computer vision\lab2\data\clean\257.png,D:\bennett\computer vision\lab2\data\gaussian_blur\257.png,D:\bennett\computer vision\lab2\data\salt_pepper\257.png,D:\bennett\computer vision\lab2\data\speckle\257.png
258,29997,6,D:\bennett\computer vision\lab2\data\clean\258.png,D:\bennett\computer vision\lab2\data\gaussian_blur\258.png,D:\bennett\computer vision\lab2\data\salt_pepper\258.png,D:\bennett\computer vision\lab2\data\speckle\258.png
259,30128,6,D:\bennett\computer vision\lab2\data\clean\259.png,D:\bennett\computer vision\lab2\data\gaussian_blur\259.png,D:\bennett\computer vision\lab2\data\salt_pepper\259.png,D:\bennett\computer vision\lab2\data\speckle\259.png
260,30141,0,D:\bennett\computer vision\lab2\data\clean\260.png,D:\bennett\computer vision\lab2\data\gaussian_blur\260.png,D:\bennett\computer vision\lab2\data\salt_pepper\260.png,D:\bennett\computer vision\lab2\data\speckle\260.png
261,30339,7,D:\bennett\computer vision\lab2\data\clean\261.png,D:\bennett\computer vision\lab2\data\gaussian_blur\261.png,D:\bennett\computer vision\lab2\data\salt_pepper\261.png,D:\bennett\computer vision\lab2\data\speckle\261.png
262,30474,6,D:\bennett\computer vision\lab2\data\clean\262.png,D:\bennett\computer vision\lab2\data\gaussian_blur\262.png,D:\bennett\computer vision\lab2\data\salt_pepper\262.png,D:\bennett\computer vision\lab2\data\speckle\262.png
263,30545,8,D:\bennett\computer vision\lab2\data\clean\263.png,D:\bennett\computer vision\lab2\data\gaussian_blur\263.png,D:\bennett\computer vision\lab2\data\salt_pepper\263.png,D:\bennett\computer vision\lab2\data\speckle\263.png
264,30823,8,D:\bennett\computer vision\lab2\data\clean\264.png,D:\bennett\computer vision\lab2\data\gaussian_blur\264.png,D:\bennett\computer vision\lab2\data\salt_pepper\264.png,D:\bennett\computer vision\lab2\data\speckle\264.png
265,31061,1,D:\bennett\computer vision\lab2\data\clean\265.png,D:\bennett\computer vision\lab2\data\gaussian_blur\265.png,D:\bennett\computer vision\lab2\data\salt_pepper\265.png,D:\bennett\computer vision\lab2\data\speckle\265.png
266,31134,1,D:\bennett\computer vision\lab2\data\clean\266.png,D:\bennett\computer vision\lab2\data\gaussian_blur\266.png,D:\bennett\computer vision\lab2\data\salt_pepper\266.png,D:\bennett\computer vision\lab2\data\speckle\266.png
267,31234,0,D:\bennett\computer vision\lab2\data\clean\267.png,D:\bennett\computer vision\lab2\data\gaussian_blur\267.png,D:\bennett\computer vision\lab2\data\salt_pepper\267.png,D:\bennett\computer vision\lab2\data\speckle\267.png
268,31331,7,D:\bennett\computer vision\lab2\data\clean\268.png,D:\bennett\computer vision\lab2\data\gaussian_blur\268.png,D:\bennett\computer vision\lab2\data\salt_pepper\268.png,D:\bennett\computer vision\lab2\data\speckle\268.png
269,31839,1,D:\bennett\computer vision\lab2\data\clean\269.png,D:\bennett\computer vision\lab2\data\gaussian_blur\269.png,D:\bennett\computer vision\lab2\data\salt_pepper\269.png,D:\bennett\computer vision\lab2\data\speckle\269.png
270,31909,6,D:\bennett\computer vision\lab2\data\clean\270.png,D:\bennett\computer vision\lab2\data\gaussian_blur\270.png,D:\bennett\computer vision\lab2\data\salt_pepper\270.png,D:\bennett\computer vision\lab2\data\speckle\270.png
271,32420,3,D:\bennett\computer vision\lab2\data\clean\271.png,D:\bennett\computer vision\lab2\data\gaussian_blur\271.png,D:\bennett\computer vision\lab2\data\salt_pepper\271.png,D:\bennett\computer vision\lab2\data\speckle\271.png
272,32463,0,D:\bennett\computer vision\lab2\data\clean\272.png,D:\bennett\computer vision\lab2\data\gaussian_blur\272.png,D:\bennett\computer vision\lab2\data\salt_pepper\272.png,D:\bennett\computer vision\lab2\data\speckle\272.png
273,32468,8,D:\bennett\computer vision\lab2\data\clean\273.png,D:\bennett\computer vision\lab2\data\gaussian_blur\273.png,D:\bennett\computer vision\lab2\data\salt_pepper\273.png,D:\bennett\computer vision\lab2\data\speckle\273.png
274,32552,9,D:\bennett\computer vision\lab2\data\clean\274.png,D:\bennett\computer vision\lab2\data\gaussian_blur\274.png,D:\bennett\computer vision\lab2\data\salt_pepper\274.png,D:\bennett\computer vision\lab2\data\speckle\274.png
275,32588,3,D:\bennett\computer vision\lab2\data\clean\275.png,D:\bennett\computer vision\lab2\data\gaussian_blur\275.png,D:\bennett\computer vision\lab2\data\salt_pepper\275.png,D:\bennett\computer vision\lab2\data\speckle\275.png
276,32666,0,D:\bennett\computer vision\lab2\data\clean\276.png,D:\bennett\computer vision\lab2\data\gaussian_blur\276.png,D:\bennett\computer vision\lab2\data\salt_pepper\276.png,D:\bennett\computer vision\lab2\data\speckle\276.png
277,32715,9,D:\bennett\computer vision\lab2\data\clean\277.png,D:\bennett\computer vision\lab2\data\gaussian_blur\277.png,D:\bennett\computer vision\lab2\data\salt_pepper\277.png,D:\bennett\computer vision\lab2\data\speckle\277.png
278,33011,4,D:\bennett\computer vision\lab2\data\clean\278.png,D:\bennett\computer vision\lab2\data\gaussian_blur\278.png,D:\bennett\computer vision\lab2\data\salt_pepper\278.png,D:\bennett\computer vision\lab2\data\speckle\278.png
279,33016,2,D:\bennett\computer vision\lab2\data\clean\279.png,D:\bennett\computer vision\lab2\data\gaussian_blur\279.png,D:\bennett\computer vision\lab2\data\salt_pepper\279.png,D:\bennett\computer vision\lab2\data\speckle\279.png
280,33123,7,D:\bennett\computer vision\lab2\data\clean\280.png,D:\bennett\computer vision\lab2\data\gaussian_blur\280.png,D:\bennett\computer vision\lab2\data\salt_pepper\280.png,D:\bennett\computer vision\lab2\data\speckle\280.png
281,33135,6,D:\bennett\computer vision\lab2\data\clean\281.png,D:\bennett\computer vision\lab2\data\gaussian_blur\281.png,D:\bennett\computer vision\lab2\data\salt_pepper\281.png,D:\bennett\computer vision\lab2\data\speckle\281.png
282,33196,7,D:\bennett\computer vision\lab2\data\clean\282.png,D:\bennett\computer vision\lab2\data\gaussian_blur\282.png,D:\bennett\computer vision\lab2\data\salt_pepper\282.png,D:\bennett\computer vision\lab2\data\speckle\282.png
283,33231,1,D:\bennett\computer vision\lab2\data\clean\283.png,D:\bennett\computer vision\lab2\data\gaussian_blur\283.png,D:\bennett\computer vision\lab2\data\salt_pepper\283.png,D:\bennett\computer vision\lab2\data\speckle\283.png
284,33287,7,D:\bennett\computer vision\lab2\data\clean\284.png,D:\bennett\computer vision\lab2\data\gaussian_blur\284.png,D:\bennett\computer vision\lab2\data\salt_pepper\284.png,D:\bennett\computer vision\lab2\data\speckle\284.png
285,33347,4,D:\bennett\computer vision\lab2\data\clean\285.png,D:\bennett\computer vision\lab2\data\gaussian_blur\285.png,D:\bennett\computer vision\lab2\data\salt_pepper\285.png,D:\bennett\computer vision\lab2\data\speckle\285.png
286,33632,5,D:\bennett\computer vision\lab2\data\clean\286.png,D:\bennett\computer vision\lab2\data\gaussian_blur\286.png,D:\bennett\computer vision\lab2\data\salt_pepper\286.png,D:\bennett\computer vision\lab2\data\speckle\286.png
287,33702,4,D:\bennett\computer vision\lab2\data\clean\287.png,D:\bennett\computer vision\lab2\data\gaussian_blur\287.png,D:\bennett\computer vision\lab2\data\salt_pepper\287.png,D:\bennett\computer vision\lab2\data\speckle\287.png
288,33713,5,D:\bennett\computer vision\lab2\data\clean\288.png,D:\bennett\computer vision\lab2\data\gaussian_blur\288.png,D:\bennett\computer vision\lab2\data\salt_pepper\288.png,D:\bennett\computer vision\lab2\data\speckle\288.png
289,33906,2,D:\bennett\computer vision\lab2\data\clean\289.png,D:\bennett\computer vision\lab2\data\gaussian_blur\289.png,D:\bennett\computer vision\lab2\data\salt_pepper\289.png,D:\bennett\computer vision\lab2\data\speckle\289.png
290,34001,8,D:\bennett\computer vision\lab2\data\clean\290.png,D:\bennett\computer vision\lab2\data\gaussian_blur\290.png,D:\bennett\computer vision\lab2\data\salt_pepper\290.png,D:\bennett\computer vision\lab2\data\speckle\290.png
291,34182,2,D:\bennett\computer vision\lab2\data\clean\291.png,D:\bennett\computer vision\lab2\data\gaussian_blur\291.png,D:\bennett\computer vision\lab2\data\salt_pepper\291.png,D:\bennett\computer vision\lab2\data\speckle\291.png
292,34262,0,D:\bennett\computer vision\lab2\data\clean\292.png,D:\bennett\computer vision\lab2\data\gaussian_blur\292.png,D:\bennett\computer vision\lab2\data\salt_pepper\292.png,D:\bennett\computer vision\lab2\data\speckle\292.png
293,34595,1,D:\bennett\computer vision\lab2\data\clean\293.png,D:\bennett\computer vision\lab2\data\gaussian_blur\293.png,D:\bennett\computer vision\lab2\data\salt_pepper\293.png,D:\bennett\computer vision\lab2\data\speckle\293.png
294,34727,5,D:\bennett\computer vision\lab2\data\clean\294.png,D:\bennett\computer vision\lab2\data\gaussian_blur\294.png,D:\bennett\computer vision\lab2\data\salt_pepper\294.png,D:\bennett\computer vision\lab2\data\speckle\294.png
295,34822,9,D:\bennett\computer vision\lab2\data\clean\295.png,D:\bennett\computer vision\lab2\data\gaussian_blur\295.png,D:\bennett\computer vision\lab2\data\salt_pepper\295.png,D:\bennett\computer vision\lab2\data\speckle\295.png
296,34895,4,D:\bennett\computer vision\lab2\data\clean\296.png,D:\bennett\computer vision\lab2\data\gaussian_blur\296.png,D:\bennett\computer vision\lab2\data\salt_pepper\296.png,D:\bennett\computer vision\lab2\data\speckle\296.png
297,35117,5,D:\bennett\computer vision\lab2\data\clean\297.png,D:\bennett\computer vision\lab2\data\gaussian_blur\297.png,D:\bennett\computer vision\lab2\data\salt_pepper\297.png,D:\bennett\computer vision\lab2\data\speckle\297.png
298,35319,4,D:\bennett\computer vision\lab2\data\clean\298.png,D:\bennett\computer vision\lab2\data\gaussian_blur\298.png,D:\bennett\computer vision\lab2\data\salt_pepper\298.png,D:\bennett\computer vision\lab2\data\speckle\298.png
299,35743,5,D:\bennett\computer vision\lab2\data\clean\299.png,D:\bennett\computer vision\lab2\data\gaussian_blur\299.png,D:\bennett\computer vision\lab2\data\salt_pepper\299.png,D:\bennett\computer vision\lab2\data\speckle\299.png
300,35789,9,D:\bennett\computer vision\lab2\data\clean\300.png,D:\bennett\computer vision\lab2\data\gaussian_blur\300.png,D:\bennett\computer vision\lab2\data\salt_pepper\300.png,D:\bennett\computer vision\lab2\data\speckle\300.png
301,35899,7,D:\bennett\computer vision\lab2\data\clean\301.png,D:\bennett\computer vision\lab2\data\gaussian_blur\301.png,D:\bennett\computer vision\lab2\data\salt_pepper\301.png,D:\bennett\computer vision\lab2\data\speckle\301.png
302,35951,4,D:\bennett\computer vision\lab2\data\clean\302.png,D:\bennett\computer vision\lab2\data\gaussian_blur\302.png,D:\bennett\computer vision\lab2\data\salt_pepper\302.png,D:\bennett\computer vision\lab2\data\speckle\302.png
303,36182,8,D:\bennett\computer vision\lab2\data\clean\303.png,D:\bennett\computer vision\lab2\data\gaussian_blur\303.png,D:\bennett\computer vision\lab2\data\salt_pepper\303.png,D:\bennett\computer vision\lab2\data\speckle\303.png
304,36245,5,D:\bennett\computer vision\lab2\data\clean\304.png,D:\bennett\computer vision\lab2\data\gaussian_blur\304.png,D:\bennett\computer vision\lab2\data\salt_pepper\304.png,D:\bennett\computer vision\lab2\data\speckle\304.png
305,36354,5,D:\bennett\computer vision\lab2\data\clean\305.png,D:\bennett\computer vision\lab2\data\gaussian_blur\305.png,D:\bennett\computer vision\lab2\data\salt_pepper\305.png,D:\bennett\computer vision\lab2\data\speckle\305.png
306,36605,8,D:\bennett\computer vision\lab2\data\clean\306.png,D:\bennett\computer vision\lab2\data\gaussian_blur\306.png,D:\bennett\computer vision\lab2\data\salt_pepper\306.png,D:\bennett\computer vision\lab2\data\speckle\306.png
307,36769,6,D:\bennett\computer vision\lab2\data\clean\307.png,D:\bennett\computer vision\lab2\data\gaussian_blur\307.png,D:\bennett\computer vision\lab2\data\salt_pepper\307.png,D:\bennett\computer vision\lab2\data\speckle\307.png
308,37213,1,D:\bennett\computer vision\lab2\data\clean\308.png,D:\bennett\computer vision\lab2\data\gaussian_blur\308.png,D:\bennett\computer vision\lab2\data\salt_pepper\308.png,D:\bennett\computer vision\lab2\data\speckle\308.png
309,37475,6,D:\bennett\computer vision\lab2\data\clean\309.png,D:\bennett\computer vision\lab2\data\gaussian_blur\309.png,D:\bennett\computer vision\lab2\data\salt_pepper\309.png,D:\bennett\computer vision\lab2\data\speckle\309.png
310,37524,3,D:\bennett\computer vision\lab2\data\clean\310.png,D:\bennett\computer vision\lab2\data\gaussian_blur\310.png,D:\bennett\computer vision\lab2\data\salt_pepper\310.png,D:\bennett\computer vision\lab2\data\speckle\310.png
311,37564,1,D:\bennett\computer vision\lab2\data\clean\311.png,D:\bennett\computer vision\lab2\data\gaussian_blur\311.png,D:\bennett\computer vision\lab2\data\salt_pepper\311.png,D:\bennett\computer vision\lab2\data\speckle\311.png
312,37609,5,D:\bennett\computer vision\lab2\data\clean\312.png,D:\bennett\computer vision\lab2\data\gaussian_blur\312.png,D:\bennett\computer vision\lab2\data\salt_pepper\312.png,D:\bennett\computer vision\lab2\data\speckle\312.png
313,37622,3,D:\bennett\computer vision\lab2\data\clean\313.png,D:\bennett\computer vision\lab2\data\gaussian_blur\313.png,D:\bennett\computer vision\lab2\data\salt_pepper\313.png,D:\bennett\computer vision\lab2\data\speckle\313.png
314,37848,3,D:\bennett\computer vision\lab2\data\clean\314.png,D:\bennett\computer vision\lab2\data\gaussian_blur\314.png,D:\bennett\computer vision\lab2\data\salt_pepper\314.png,D:\bennett\computer vision\lab2\data\speckle\314.png
315,37950,0,D:\bennett\computer vision\lab2\data\clean\315.png,D:\bennett\computer vision\lab2\data\gaussian_blur\315.png,D:\bennett\computer vision\lab2\data\salt_pepper\315.png,D:\bennett\computer vision\lab2\data\speckle\315.png
316,37988,4,D:\bennett\computer vision\lab2\data\clean\316.png,D:\bennett\computer vision\lab2\data\gaussian_blur\316.png,D:\bennett\computer vision\lab2\data\salt_pepper\316.png,D:\bennett\computer vision\lab2\data\speckle\316.png
317,38011,4,D:\bennett\computer vision\lab2\data\clean\317.png,D:\bennett\computer vision\lab2\data\gaussian_blur\317.png,D:\bennett\computer vision\lab2\data\salt_pepper\317.png,D:\bennett\computer vision\lab2\data\speckle\317.png
318,38042,0,D:\bennett\computer vision\lab2\data\clean\318.png,D:\bennett\computer vision\lab2\data\gaussian_blur\318.png,D:\bennett\computer vision\lab2\data\salt_pepper\318.png,D:\bennett\computer vision\lab2\data\speckle\318.png
319,38326,2,D:\bennett\computer vision\lab2\data\clean\319.png,D:\bennett\computer vision\lab2\data\gaussian_blur\319.png,D:\bennett\computer vision\lab2\data\salt_pepper\319.png,D:\bennett\computer vision\lab2\data\speckle\319.png
320,38824,1,D:\bennett\computer vision\lab2\data\clean\320.png,D:\bennett\computer vision\lab2\data\gaussian_blur\320.png,D:\bennett\computer vision\lab2\data\salt_pepper\320.png,D:\bennett\computer vision\lab2\data\speckle\320.png
321,38948,8,D:\bennett\computer vision\lab2\data\clean\321.png,D:\bennett\computer vision\lab2\data\gaussian_blur\321.png,D:\bennett\computer vision\lab2\data\salt_pepper\321.png,D:\bennett\computer vision\lab2\data\speckle\321.png
322,39019,6,D:\bennett\computer vision\lab2\data\clean\322.png,D:\bennett\computer vision\lab2\data\gaussian_blur\322.png,D:\bennett\computer vision\lab2\data\salt_pepper\322.png,D:\bennett\computer vision\lab2\data\speckle\322.png
323,39444,1,D:\bennett\computer vision\lab2\data\clean\323.png,D:\bennett\computer vision\lab2\data\gaussian_blur\323.png,D:\bennett\computer vision\lab2\data\salt_pepper\323.png,D:\bennett\computer vision\lab2\data\speckle\323.png
324,39474,0,D:\bennett\computer vision\lab2\data\clean\324.png,D:\bennett\computer vision\lab2\data\gaussian_blur\324.png,D:\bennett\computer vision\lab2\data\salt_pepper\324.png,D:\bennett\computer vision\lab2\data\speckle\324.png
325,39487,2,D:\bennett\computer vision\lab2\data\clean\325.png,D:\bennett\computer vision\lab2\data\gaussian_blur\325.png,D:\bennett\computer vision\lab2\data\salt_pepper\325.png,D:\bennett\computer vision\lab2\data\speckle\325.png
326,39614,9,D:\bennett\computer vision\lab2\data\clean\326.png,D:\bennett\computer vision\lab2\data\gaussian_blur\326.png,D:\bennett\computer vision\lab2\data\salt_pepper\326.png,D:\bennett\computer vision\lab2\data\speckle\326.png
327,39623,0,D:\bennett\computer vision\lab2\data\clean\327.png,D:\bennett\computer vision\lab2\data\gaussian_blur\327.png,D:\bennett\computer vision\lab2\data\salt_pepper\327.png,D:\bennett\computer vision\lab2\data\speckle\327.png
328,39630,6,D:\bennett\computer vision\lab2\data\clean\328.png,D:\bennett\computer vision\lab2\data\gaussian_blur\328.png,D:\bennett\computer vision\lab2\data\salt_pepper\328.png,D:\bennett\computer vision\lab2\data\speckle\328.png
329,39634,4,D:\bennett\computer vision\lab2\data\clean\329.png,D:\bennett\computer vision\lab2\data\gaussian_blur\329.png,D:\bennett\computer vision\lab2\data\salt_pepper\329.png,D:\bennett\computer vision\lab2\data\speckle\329.png
330,39736,6,D:\bennett\computer vision\lab2\data\clean\330.png,D:\bennett\computer vision\lab2\data\gaussian_blur\330.png,D:\bennett\computer vision\lab2\data\salt_pepper\330.png,D:\bennett\computer vision\lab2\data\speckle\330.png
331,39799,4,D:\bennett\computer vision\lab2\data\clean\331.png,D:\bennett\computer vision\lab2\data\gaussian_blur\331.png,D:\bennett\computer vision\lab2\data\salt_pepper\331.png,D:\bennett\computer vision\lab2\data\speckle\331.png
332,39833,4,D:\bennett\computer vision\lab2\data\clean\332.png,D:\bennett\computer vision\lab2\data\gaussian_blur\332.png,D:\bennett\computer vision\lab2\data\salt_pepper\332.png,D:\bennett\computer vision\lab2\data\speckle\332.png
333,39851,3,D:\bennett\computer vision\lab2\data\clean\333.png,D:\bennett\computer vision\lab2\data\gaussian_blur\333.png,D:\bennett\computer vision\lab2\data\salt_pepper\333.png,D:\bennett\computer vision\lab2\data\speckle\333.png
334,39907,3,D:\bennett\computer vision\lab2\data\clean\334.png,D:\bennett\computer vision\lab2\data\gaussian_blur\334.png,D:\bennett\computer vision\lab2\data\salt_pepper\334.png,D:\bennett\computer vision\lab2\data\speckle\334.png
335,40121,3,D:\bennett\computer vision\lab2\data\clean\335.png,D:\bennett\computer vision\lab2\data\gaussian_blur\335.png,D:\bennett\computer vision\lab2\data\salt_pepper\335.png,D:\bennett\computer vision\lab2\data\speckle\335.png
336,40208,0,D:\bennett\computer vision\lab2\data\clean\336.png,D:\bennett\computer vision\lab2\data\gaussian_blur\336.png,D:\bennett\computer vision\lab2\data\salt_pepper\336.png,D:\bennett\computer vision\lab2\data\speckle\336.png
337,40369,2,D:\bennett\computer vision\lab2\data\clean\337.png,D:\bennett\computer vision\lab2\data\gaussian_blur\337.png,D:\bennett\computer vision\lab2\data\salt_pepper\337.png,D:\bennett\computer vision\lab2\data\speckle\337.png
338,40497,2,D:\bennett\computer vision\lab2\data\clean\338.png,D:\bennett\computer vision\lab2\data\gaussian_blur\338.png,D:\bennett\computer vision\lab2\data\salt_pepper\338.png,D:\bennett\computer vision\lab2\data\speckle\338.png
339,40602,4,D:\bennett\computer vision\lab2\data\clean\339.png,D:\bennett\computer vision\lab2\data\gaussian_blur\339.png,D:\bennett\computer vision\lab2\data\salt_pepper\339.png,D:\bennett\computer vision\lab2\data\speckle\339.png
340,40675,7,D:\bennett\computer vision\lab2\data\clean\340.png,D:\bennett\computer vision\lab2\data\gaussian_blur\340.png,D:\bennett\computer vision\lab2\data\salt_pepper\340.png,D:\bennett\computer vision\lab2\data\speckle\340.png
341,40682,1,D:\bennett\computer vision\lab2\data\clean\341.png,D:\bennett\computer vision\lab2\data\gaussian_blur\341.png,D:\bennett\computer vision\lab2\data\salt_pepper\341.png,D:\bennett\computer vision\lab2\data\speckle\341.png
342,40810,7,D:\bennett\computer vision\lab2\data\clean\342.png,D:\bennett\computer vision\lab2\data\gaussian_blur\342.png,D:\bennett\computer vision\lab2\data\salt_pepper\342.png,D:\bennett\computer vision\lab2\data\speckle\342.png
343,40896,1,D:\bennett\computer vision\lab2\data\clean\343.png,D:\bennett\computer vision\lab2\data\gaussian_blur\343.png,D:\bennett\computer vision\lab2\data\salt_pepper\343.png,D:\bennett\computer vision\lab2\data\speckle\343.png
344,41498,5,D:\bennett\computer vision\lab2\data\clean\344.png,D:\bennett\computer vision\lab2\data\gaussian_blur\344.png,D:\bennett\computer vision\lab2\data\salt_pepper\344.png,D:\bennett\computer vision\lab2\data\speckle\344.png
345,41559,1,D:\bennett\computer vision\lab2\data\clean\345.png,D:\bennett\computer vision\lab2\data\gaussian_blur\345.png,D:\bennett\computer vision\lab2\data\salt_pepper\345.png,D:\bennett\computer vision\lab2\data\speckle\345.png
346,41579,2,D:\bennett\computer vision\lab2\data\clean\346.png,D:\bennett\computer vision\lab2\data\gaussian_blur\346.png,D:\bennett\computer vision\lab2\data\salt_pepper\346.png,D:\bennett\computer vision\lab2\data\speckle\346.png
347,41601,7,D:\bennett\computer vision\lab2\data\clean\347.png,D:\bennett\computer vision\lab2\data\gaussian_blur\347.png,D:\bennett\computer vision\lab2\data\salt_pepper\347.png,D:\bennett\computer vision\lab2\data\speckle\347.png
348,41711,6,D:\bennett\computer vision\lab2\data\clean\348.png,D:\bennett\computer vision\lab2\data\gaussian_blur\348.png,D:\bennett\computer vision\lab2\data\salt_pepper\348.png,D:\bennett\computer vision\lab2\data\speckle\348.png
349,41725,7,D:\bennett\computer vision\lab2\data\clean\349.png,D:\bennett\computer vision\lab2\data\gaussian_blur\349.png,D:\bennett\computer vision\lab2\data\salt_pepper\349.png,D:\bennett\computer vision\lab2\data\speckle\349.png
350,41775,4,D:\bennett\computer vision\lab2\data\clean\350.png,D:\bennett\computer vision\lab2\data\gaussian_blur\350.png,D:\bennett\computer vision\lab2\data\salt_pepper\350.png,D:\bennett\computer vision\lab2\data\speckle\350.png
351,42034,8,D:\bennett\computer vision\lab2\data\clean\351.png,D:\bennett\computer vision\lab2\data\gaussian_blur\351.png,D:\bennett\computer vision\lab2\data\salt_pepper\351.png,D:\bennett\computer vision\lab2\data\speckle\351.png
352,42046,5,D:\bennett\computer vision\lab2\data\clean\352.png,D:\bennett\computer vision\lab2\data\gaussian_blur\352.png,D:\bennett\computer vision\lab2\data\salt_pepper\352.png,D:\bennett\computer vision\lab2\data\speckle\352.png
353,42700,6,D:\bennett\computer vision\lab2\data\clean\353.png,D:\bennett\computer vision\lab2\data\gaussian_blur\353.png,D:\bennett\computer vision\lab2\data\salt_pepper\353.png,D:\bennett\computer vision\lab2\data\speckle\353.png
354,42791,3,D:\bennett\computer vision\lab2\data\clean\354.png,D:\bennett\computer vision\lab2\data\gaussian_blur\354.png,D:\bennett\computer vision\lab2\data\salt_pepper\354.png,D:\bennett\computer vision\lab2\data\speckle\354.png
355,42806,1,D:\bennett\computer vision\lab2\data\clean\355.png,D:\bennett\computer vision\lab2\data\gaussian_blur\355.png,D:\bennett\computer vision\lab2\data\salt_pepper\355.png,D:\bennett\computer vision\lab2\data\speckle\355.png
356,42874,1,D:\bennett\computer vision\lab2\data\clean\356.png,D:\bennett\computer vision\lab2\data\gaussian_blur\356.png,D:\bennett\computer vision\lab2\data\salt_pepper\356.png,D:\bennett\computer vision\lab2\data\speckle\356.png
357,42977,7,D:\bennett\computer vision\lab2\data\clean\357.png,D:\bennett\computer vision\lab2\data\gaussian_blur\357.png,D:\bennett\computer vision\lab2\data\salt_pepper\357.png,D:\bennett\computer vision\lab2\data\speckle\357.png
358,43098,5,D:\bennett\computer vision\lab2\data\clean\358.png,D:\bennett\computer vision\lab2\data\gaussian_blur\358.png,D:\bennett\computer vision\lab2\data\salt_pepper\358.png,D:\bennett\computer vision\lab2\data\speckle\358.png
359,43106,4,D:\bennett\computer vision\lab2\data\clean\359.png,D:\bennett\computer vision\lab2\data\gaussian_blur\359.png,D:\bennett\computer vision\lab2\data\salt_pepper\359.png,D:\bennett\computer vision\lab2\data\speckle\359.png
360,43120,9,D:\bennett\computer vision\lab2\data\clean\360.png,D:\bennett\computer vision\lab2\data\gaussian_blur\360.png,D:\bennett\computer vision\lab2\data\salt_pepper\360.png,D:\bennett\computer vision\lab2\data\speckle\360.png
361,43371,2,D:\bennett\computer vision\lab2\data\clean\361.png,D:\bennett\computer vision\lab2\data\gaussian_blur\361.png,D:\bennett\computer vision\lab2\data\salt_pepper\361.png,D:\bennett\computer vision\lab2\data\speckle\361.png
362,43487,4,D:\bennett\computer vision\lab2\data\clean\362.png,D:\bennett\computer vision\lab2\data\gaussian_blur\362.png,D:\bennett\computer vision\lab2\data\salt_pepper\362.png,D:\bennett\computer vision\lab2\data\speckle\362.png
363,43684,1,D:\bennett\computer vision\lab2\data\clean\363.png,D:\bennett\computer vision\lab2\data\gaussian_blur\363.png,D:\bennett\computer vision\lab2\data\salt_pepper\363.png,D:\bennett\computer vision\lab2\data\speckle\363.png
364,43786,9,D:\bennett\computer vision\lab2\data\clean\364.png,D:\bennett\computer vision\lab2\data\gaussian_blur\364.png,D:\bennett\computer vision\lab2\data\salt_pepper\364.png,D:\bennett\computer vision\lab2\data\speckle\364.png
365,44005,7,D:\bennett\computer vision\lab2\data\clean\365.png,D:\bennett\computer vision\lab2\data\gaussian_blur\365.png,D:\bennett\computer vision\lab2\data\salt_pepper\365.png,D:\bennett\computer vision\lab2\data\speckle\365.png
366,44106,5,D:\bennett\computer vision\lab2\data\clean\366.png,D:\bennett\computer vision\lab2\data\gaussian_blur\366.png,D:\bennett\computer vision\lab2\data\salt_pepper\366.png,D:\bennett\computer vision\lab2\data\speckle\366.png
367,44274,2,D:\bennett\computer vision\lab2\data\clean\367.png,D:\bennett\computer vision\lab2\data\gaussian_blur\367.png,D:\bennett\computer vision\lab2\data\salt_pepper\367.png,D:\bennett\computer vision\lab2\data\speckle\367.png
368,44278,0,D:\bennett\computer vision\lab2\data\clean\368.png,D:\bennett\computer vision\lab2\data\gaussian_blur\368.png,D:\bennett\computer vision\lab2\data\salt_pepper\368.png,D:\bennett\computer vision\lab2\data\speckle\368.png
369,44288,1,D:\bennett\computer vision\lab2\data\clean\369.png,D:\bennett\computer vision\lab2\data\gaussian_blur\369.png,D:\bennett\computer vision\lab2\data\salt_pepper\369.png,D:\bennett\computer vision\lab2\data\speckle\369.png
370,44359,1,D:\bennett\computer vision\lab2\data\clean\370.png,D:\bennett\computer vision\lab2\data\gaussian_blur\370.png,D:\bennett\computer vision\lab2\data\salt_pepper\370.png,D:\bennett\computer vision\lab2\data\speckle\370.png
371,44716,3,D:\bennett\computer vision\lab2\data\clean\371.png,D:\bennett\computer vision\lab2\data\gaussian_blur\371.png,D:\bennett\computer vision\lab2\data\salt_pepper\371.png,D:\bennett\computer vision\lab2\data\speckle\371.png
372,44722,6,D:\bennett\computer vision\lab2\data\clean\372.png,D:\bennett\computer vision\lab2\data\gaussian_blur\372.png,D:\bennett\computer vision\lab2\data\salt_pepper\372.png,D:\bennett\computer vision\lab2\data\speckle\372.png
373,44811,0,D:\bennett\computer vision\lab2\data\clean\373.png,D:\bennett\computer vision\lab2\data\gaussian_blur\373.png,D:\bennett\computer vision\lab2\data\salt_pepper\373.png,D:\bennett\computer vision\lab2\data\speckle\373.png
374,44901,2,D:\bennett\computer vision\lab2\data\clean\374.png,D:\bennett\computer vision\lab2\data\gaussian_blur\374.png,D:\bennett\computer vision\lab2\data\salt_pepper\374.png,D:\bennett\computer vision\lab2\data\speckle\374.png
375,45138,6,D:\bennett\computer vision\lab2\data\clean\375.png,D:\bennett\computer vision\lab2\data\gaussian_blur\375.png,D:\bennett\computer vision\lab2\data\salt_pepper\375.png,D:\bennett\computer vision\lab2\data\speckle\375.png
376,45195,3,D:\bennett\computer vision\lab2\data\clean\376.png,D:\bennett\computer vision\lab2\data\gaussian_blur\376.png,D:\bennett\computer vision\lab2\data\salt_pepper\376.png,D:\bennett\computer vision\lab2\data\speckle\376.png
377,45252,4,D:\bennett\computer vision\lab2\data\clean\377.png,D:\bennett\computer vision\lab2\data\gaussian_blur\377.png,D:\bennett\computer vision\lab2\data\salt_pepper\377.png,D:\bennett\computer vision\lab2\data\speckle\377.png
378,45257,7,D:\bennett\computer vision\lab2\data\clean\378.png,D:\bennett\computer vision\lab2\data\gaussian_blur\378.png,D:\bennett\computer vision\lab2\data\salt_pepper\378.png,D:\bennett\computer vision\lab2\data\speckle\378.png
379,45298,8,D:\bennett\computer vision\lab2\data\clean\379.png,D:\bennett\computer vision\lab2\data\gaussian_blur\379.png,D:\bennett\computer vision\lab2\data\salt_pepper\379.png,D:\bennett\computer vision\lab2\data\speckle\379.png
380,45309,6,D:\bennett\computer vision\lab2\data\clean\380.png,D:\bennett\computer vision\lab2\data\gaussian_blur\380.png,D:\bennett\computer vision\lab2\data\salt_pepper\380.png,D:\bennett\computer vision\lab2\data\speckle\380.png
381,45615,7,D:\bennett\computer vision\lab2\data\clean\381.png,D:\bennett\computer vision\lab2\data\gaussian_blur\381.png,D:\bennett\computer vision\lab2\data\salt_pepper\381.png,D:\bennett\computer vision\lab2\data\speckle\381.png
382,45629,5,D:\bennett\computer vision\lab2\data\clean\382.png,D:\bennett\computer vision\lab2\data\gaussian_blur\382.png,D:\bennett\computer vision\lab2\data\salt_pepper\382.png,D:\bennett\computer vision\lab2\data\speckle\382.png
383,45755,6,D:\bennett\computer vision\lab2\data\clean\383.png,D:\bennett\computer vision\lab2\data\gaussian_blur\383.png,D:\bennett\computer vision\lab2\data\salt_pepper\383.png,D:\bennett\computer vision\lab2\data\speckle\383.png
384,45900,1,D:\bennett\computer vision\lab2\data\clean\384.png,D:\bennett\computer vision\lab2\data\gaussian_blur\384.png,D:\bennett\computer vision\lab2\data\salt_pepper\384.png,D:\bennett\computer vision\lab2\data\speckle\384.png
385,45912,4,D:\bennett\computer vision\lab2\data\clean\385.png,D:\bennett\computer vision\lab2\data\gaussian_blur\385.png,D:\bennett\computer vision\lab2\data\salt_pepper\385.png,D:\bennett\computer vision\lab2\data\speckle\385.png
386,45980,9,D:\bennett\computer vision\lab2\data\clean\386.png,D:\bennett\computer vision\lab2\data\gaussian_blur\386.png,D:\bennett\computer vision\lab2\data\salt_pepper\386.png,D:\bennett\computer vision\lab2\data\speckle\386.png
387,46040,1,D:\bennett\computer vision\lab2\data\clean\387.png,D:\bennett\computer vision\lab2\data\gaussian_blur\387.png,D:\bennett\computer vision\lab2\data\salt_pepper\387.png,D:\bennett\computer vision\lab2\data\speckle\387.png
388,46051,3,D:\bennett\computer vision\lab2\data\clean\388.png,D:\bennett\computer vision\lab2\data\gaussian_blur\388.png,D:\bennett\computer vision\lab2\data\salt_pepper\388.png,D:\bennett\computer vision\lab2\data\speckle\388.png
389,46220,4,D:\bennett\computer vision\lab2\data\clean\389.png,D:\bennett\computer vision\lab2\data\gaussian_blur\389.png,D:\bennett\computer vision\lab2\data\salt_pepper\389.png,D:\bennett\computer vision\lab2\data\speckle\389.png
390,46352,4,D:\bennett\computer vision\lab2\data\clean\390.png,D:\bennett\computer vision\lab2\data\gaussian_blur\390.png,D:\bennett\computer vision\lab2\data\salt_pepper\390.png,D:\bennett\computer vision\lab2\data\speckle\390.png
391,46499,1,D:\bennett\computer vision\lab2\data\clean\391.png,D:\bennett\computer vision\lab2\data\gaussian_blur\391.png,D:\bennett\computer vision\lab2\data\salt_pepper\391.png,D:\bennett\computer vision\lab2\data\speckle\391.png
392,46515,7,D:\bennett\computer vision\lab2\data\clean\392.png,D:\bennett\computer vision\lab2\data\gaussian_blur\392.png,D:\bennett\computer vision\lab2\data\salt_pepper\392.png,D:\bennett\computer vision\lab2\data\speckle\392.png
393,46522,5,D:\bennett\computer vision\lab2\data\clean\393.png,D:\bennett\computer vision\lab2\data\gaussian_blur\393.png,D:\bennett\computer vision\lab2\data\salt_pepper\393.png,D:\bennett\computer vision\lab2\data\speckle\393.png
394,46540,2,D:\bennett\computer vision\lab2\data\clean\394.png,D:\bennett\computer vision\lab2\data\gaussian_blur\394.png,D:\bennett\computer vision\lab2\data\salt_pepper\394.png,D:\bennett\computer vision\lab2\data\speckle\394.png
395,46568,4,D:\bennett\computer vision\lab2\data\clean\395.png,D:\bennett\computer vision\lab2\data\gaussian_blur\395.png,D:\bennett\computer vision\lab2\data\salt_pepper\395.png,D:\bennett\computer vision\lab2\data\speckle\395.png
396,46767,8,D:\bennett\computer vision\lab2\data\clean\396.png,D:\bennett\computer vision\lab2\data\gaussian_blur\396.png,D:\bennett\computer vision\lab2\data\salt_pepper\396.png,D:\bennett\computer vision\lab2\data\speckle\396.png
397,46783,2,D:\bennett\computer vision\lab2\data\clean\397.png,D:\bennett\computer vision\lab2\data\gaussian_blur\397.png,D:\bennett\computer vision\lab2\data\salt_pepper\397.png,D:\bennett\computer vision\lab2\data\speckle\397.png
398,46790,4,D:\bennett\computer vision\lab2\data\clean\398.png,D:\bennett\computer vision\lab2\data\gaussian_blur\398.png,D:\bennett\computer vision\lab2\data\salt_pepper\398.png,D:\bennett\computer vision\lab2\data\speckle\398.png
399,46905,0,D:\bennett\computer vision\lab2\data\clean\399.png,D:\bennett\computer vision\lab2\data\gaussian_blur\399.png,D:\bennett\computer vision\lab2\data\salt_pepper\399.png,D:\bennett\computer vision\lab2\data\speckle\399.png
400,47015,7,D:\bennett\computer vision\lab2\data\clean\400.png,D:\bennett\computer vision\lab2\data\gaussian_blur\400.png,D:\bennett\computer vision\lab2\data\salt_pepper\400.png,D:\bennett\computer vision\lab2\data\speckle\400.png
401,47066,8,D:\bennett\computer vision\lab2\data\clean\401.png,D:\bennett\computer vision\lab2\data\gaussian_blur\401.png,D:\bennett\computer vision\lab2\data\salt_pepper\401.png,D:\bennett\computer vision\lab2\data\speckle\401.png
402,47113,2,D:\bennett\computer vision\lab2\data\clean\402.png,D:\bennett\computer vision\lab2\data\gaussian_blur\402.png,D:\bennett\computer vision\lab2\data\salt_pepper\402.png,D:\bennett\computer vision\lab2\data\speckle\402.png
403,47399,7,D:\bennett\computer vision\lab2\data\clean\403.png,D:\bennett\computer vision\lab2\data\gaussian_blur\403.png,D:\bennett\computer vision\lab2\data\salt_pepper\403.png,D:\bennett\computer vision\lab2\data\speckle\403.png
404,47404,6,D:\bennett\computer vision\lab2\data\clean\404.png,D:\bennett\computer vision\lab2\data\gaussian_blur\404.png,D:\bennett\computer vision\lab2\data\salt_pepper\404.png,D:\bennett\computer vision\lab2\data\speckle\404.png
405,47419,0,D:\bennett\computer vision\lab2\data\clean\405.png,D:\bennett\computer vision\lab2\data\gaussian_blur\405.png,D:\bennett\computer vision\lab2\data\salt_pepper\405.png,D:\bennett\computer vision\lab2\data\speckle\405.png
406,47495,7,D:\bennett\computer vision\lab2\data\clean\406.png,D:\bennett\computer vision\lab2\data\gaussian_blur\406.png,D:\bennett\computer vision\lab2\data\salt_pepper\406.png,D:\bennett\computer vision\lab2\data\speckle\406.png
407,47796,1,D:\bennett\computer vision\lab2\data\clean\407.png,D:\bennett\computer vision\lab2\data\gaussian_blur\407.png,D:\bennett\computer vision\lab2\data\salt_pepper\407.png,D:\bennett\computer vision\lab2\data\speckle\407.png
408,47957,0,D:\bennett\computer vision\lab2\data\clean\408.png,D:\bennett\computer vision\lab2\data\gaussian_blur\408.png,D:\bennett\computer vision\lab2\data\salt_pepper\408.png,D:\bennett\computer vision\lab2\data\speckle\408.png
409,47974,9,D:\bennett\computer vision\lab2\data\clean\409.png,D:\bennett\computer vision\lab2\data\gaussian_blur\409.png,D:\bennett\computer vision\lab2\data\salt_pepper\409.png,D:\bennett\computer vision\lab2\data\speckle\409.png
410,48189,1,D:\bennett\computer vision\lab2\data\clean\410.png,D:\bennett\computer vision\lab2\data\gaussian_blur\410.png,D:\bennett\computer vision\lab2\data\salt_pepper\410.png,D:\bennett\computer vision\lab2\data\speckle\410.png
411,48239,6,D:\bennett\computer vision\lab2\data\clean\411.png,D:\bennett\computer vision\lab2\data\gaussian_blur\411.png,D:\bennett\computer vision\lab2\data\salt_pepper\411.png,D:\bennett\computer vision\lab2\data\speckle\411.png
412,48287,0,D:\bennett\computer vision\lab2\data\clean\412.png,D:\bennett\computer vision\lab2\data\gaussian_blur\412.png,D:\bennett\computer vision\lab2\data\salt_pepper\412.png,D:\bennett\computer vision\lab2\data\speckle\412.png
413,48298,7,D:\bennett\computer vision\lab2\data\clean\413.png,D:\bennett\computer vision\lab2\data\gaussian_blur\413.png,D:\bennett\computer vision\lab2\data\salt_pepper\413.png,D:\bennett\computer vision\lab2\data\speckle\413.png
414,48362,6,D:\bennett\computer vision\lab2\data\clean\414.png,D:\bennett\computer vision\lab2\data\gaussian_blur\414.png,D:\bennett\computer vision\lab2\data\salt_pepper\414.png,D:\bennett\computer vision\lab2\data\speckle\414.png
415,48569,9,D:\bennett\computer vision\lab2\data\clean\415.png,D:\bennett\computer vision\lab2\data\gaussian_blur\415.png,D:\bennett\computer vision\lab2\data\salt_pepper\415.png,D:\bennett\computer vision\lab2\data\speckle\415.png
416,48977,1,D:\bennett\computer vision\lab2\data\clean\416.png,D:\bennett\computer vision\lab2\data\gaussian_blur\416.png,D:\bennett\computer vision\lab2\data\salt_pepper\416.png,D:\bennett\computer vision\lab2\data\speckle\416.png
417,49012,7,D:\bennett\computer vision\lab2\data\clean\417.png,D:\bennett\computer vision\lab2\data\gaussian_blur\417.png,D:\bennett\computer vision\lab2\data\salt_pepper\417.png,D:\bennett\computer vision\lab2\data\speckle\417.png
418,49275,6,D:\bennett\computer vision\lab2\data\clean\418.png,D:\bennett\computer vision\lab2\data\gaussian_blur\418.png,D:\bennett\computer vision\lab2\data\salt_pepper\418.png,D:\bennett\computer vision\lab2\data\speckle\418.png
419,49413,7,D:\bennett\computer vision\lab2\data\clean\419.png,D:\bennett\computer vision\lab2\data\gaussian_blur\419.png,D:\bennett\computer vision\lab2\data\salt_pepper\419.png,D:\bennett\computer vision\lab2\data\speckle\419.png
420,49501,4,D:\bennett\computer vision\lab2\data\clean\420.png,D:\bennett\computer vision\lab2\data\gaussian_blur\420.png,D:\bennett\computer vision\lab2\data\salt_pepper\420.png,D:\bennett\computer vision\lab2\data\speckle\420.png
421,49594,0,D:\bennett\computer vision\lab2\data\clean\421.png,D:\bennett\computer vision\lab2\data\gaussian_blur\421.png,D:\bennett\computer vision\lab2\data\salt_pepper\421.png,D:\bennett\computer vision\lab2\data\speckle\421.png
422,49614,2,D:\bennett\computer vision\lab2\data\clean\422.png,D:\bennett\computer vision\lab2\data\gaussian_blur\422.png,D:\bennett\computer vision\lab2\data\salt_pepper\422.png,D:\bennett\computer vision\lab2\data\speckle\422.png
423,49631,5,D:\bennett\computer vision\lab2\data\clean\423.png,D:\bennett\computer vision\lab2\data\gaussian_blur\423.png,D:\bennett\computer vision\lab2\data\salt_pepper\423.png,D:\bennett\computer vision\lab2\data\speckle\423.png
424,49649,5,D:\bennett\computer vision\lab2\data\clean\424.png,D:\bennett\computer vision\lab2\data\gaussian_blur\424.png,D:\bennett\computer vision\lab2\data\salt_pepper\424.png,D:\bennett\computer vision\lab2\data\speckle\424.png
425,49750,0,D:\bennett\computer vision\lab2\data\clean\425.png,D:\bennett\computer vision\lab2\data\gaussian_blur\425.png,D:\bennett\computer vision\lab2\data\salt_pepper\425.png,D:\bennett\computer vision\lab2\data\speckle\425.png
426,49773,2,D:\bennett\computer vision\lab2\data\clean\426.png,D:\bennett\computer vision\lab2\data\gaussian_blur\426.png,D:\bennett\computer vision\lab2\data\salt_pepper\426.png,D:\bennett\computer vision\lab2\data\speckle\426.png
427,49980,7,D:\bennett\computer vision\lab2\data\clean\427.png,D:\bennett\computer vision\lab2\data\gaussian_blur\427.png,D:\bennett\computer vision\lab2\data\salt_pepper\427.png,D:\bennett\computer vision\lab2\data\speckle\427.png
428,50158,1,D:\bennett\computer vision\lab2\data\clean\428.png,D:\bennett\computer vision\lab2\data\gaussian_blur\428.png,D:\bennett\computer vision\lab2\data\salt_pepper\428.png,D:\bennett\computer vision\lab2\data\speckle\428.png
429,50413,8,D:\bennett\computer vision\lab2\data\clean\429.png,D:\bennett\computer vision\lab2\data\gaussian_blur\429.png,D:\bennett\computer vision\lab2\data\salt_pepper\429.png,D:\bennett\computer vision\lab2\data\speckle\429.png
430,50621,1,D:\bennett\computer vision\lab2\data\clean\430.png,D:\bennett\computer vision\lab2\data\gaussian_blur\430.png,D:\bennett\computer vision\lab2\data\salt_pepper\430.png,D:\bennett\computer vision\lab2\data\speckle\430.png
431,50799,1,D:\bennett\computer vision\lab2\data\clean\431.png,D:\bennett\computer vision\lab2\data\gaussian_blur\431.png,D:\bennett\computer vision\lab2\data\salt_pepper\431.png,D:\bennett\computer vision\lab2\data\speckle\431.png
432,50814,2,D:\bennett\computer vision\lab2\data\clean\432.png,D:\bennett\computer vision\lab2\data\gaussian_blur\432.png,D:\bennett\computer vision\lab2\data\salt_pepper\432.png,D:\bennett\computer vision\lab2\data\speckle\432.png
433,50902,8,D:\bennett\computer vision\lab2\data\clean\433.png,D:\bennett\computer vision\lab2\data\gaussian_blur\433.png,D:\bennett\computer vision\lab2\data\salt_pepper\433.png,D:\bennett\computer vision\lab2\data\speckle\433.png
434,50984,7,D:\bennett\computer vision\lab2\data\clean\434.png,D:\bennett\computer vision\lab2\data\gaussian_blur\434.png,D:\bennett\computer vision\lab2\data\salt_pepper\434.png,D:\bennett\computer vision\lab2\data\speckle\434.png
435,51041,0,D:\bennett\computer vision\lab2\data\clean\435.png,D:\bennett\computer vision\lab2\data\gaussian_blur\435.png,D:\bennett\computer vision\lab2\data\salt_pepper\435.png,D:\bennett\computer vision\lab2\data\speckle\435.png
436,51091,3,D:\bennett\computer vision\lab2\data\clean\436.png,D:\bennett\computer vision\lab2\data\gaussian_blur\436.png,D:\bennett\computer vision\lab2\data\salt_pepper\436.png,D:\bennett\computer vision\lab2\data\speckle\436.png
437,51100,2,D:\bennett\computer vision\lab2\data\clean\437.png,D:\bennett\computer vision\lab2\data\gaussian_blur\437.png,D:\bennett\computer vision\lab2\data\salt_pepper\437.png,D:\bennett\computer vision\lab2\data\speckle\437.png
438,51167,0,D:\bennett\computer vision\lab2\data\clean\438.png,D:\bennett\computer vision\lab2\data\gaussian_blur\438.png,D:\bennett\computer vision\lab2\data\salt_pepper\438.png,D:\bennett\computer vision\lab2\data\speckle\438.png
439,51795,5,D:\bennett\computer vision\lab2\data\clean\439.png,D:\bennett\computer vision\lab2\data\gaussian_blur\439.png,D:\bennett\computer vision\lab2\data\salt_pepper\439.png,D:\bennett\computer vision\lab2\data\speckle\439.png
440,52057,5,D:\bennett\computer vision\lab2\data\clean\440.png,D:\bennett\computer vision\lab2\data\gaussian_blur\440.png,D:\bennett\computer vision\lab2\data\salt_pepper\440.png,D:\bennett\computer vision\lab2\data\speckle\440.png
441,52382,1,D:\bennett\computer vision\lab2\data\clean\441.png,D:\bennett\computer vision\lab2\data\gaussian_blur\441.png,D:\bennett\computer vision\lab2\data\salt_pepper\441.png,D:\bennett\computer vision\lab2\data\speckle\441.png
442,52860,8,D:\bennett\computer vision\lab2\data\clean\442.png,D:\bennett\computer vision\lab2\data\gaussian_blur\442.png,D:\bennett\computer vision\lab2\data\salt_pepper\442.png,D:\bennett\computer vision\lab2\data\speckle\442.png
443,53066,7,D:\bennett\computer vision\lab2\data\clean\443.png,D:\bennett\computer vision\lab2\data\gaussian_blur\443.png,D:\bennett\computer vision\lab2\data\salt_pepper\443.png,D:\bennett\computer vision\lab2\data\speckle\443.png
444,53183,7,D:\bennett\computer vision\lab2\data\clean\444.png,D:\bennett\computer vision\lab2\data\gaussian_blur\444.png,D:\bennett\computer vision\lab2\data\salt_pepper\444.png,D:\bennett\computer vision\lab2\data\speckle\444.png
445,53324,9,D:\bennett\computer vision\lab2\data\clean\445.png,D:\bennett\computer vision\lab2\data\gaussian_blur\445.png,D:\bennett\computer vision\lab2\data\salt_pepper\445.png,D:\bennett\computer vision\lab2\data\speckle\445.png
446,53374,3,D:\bennett\computer vision\lab2\data\clean\446.png,D:\bennett\computer vision\lab2\data\gaussian_blur\446.png,D:\bennett\computer vision\lab2\data\salt_pepper\446.png,D:\bennett\computer vision\lab2\data\speckle\446.png
447,53415,7,D:\bennett\computer vision\lab2\data\clean\447.png,D:\bennett\computer vision\lab2\data\gaussian_blur\447.png,D:\bennett\computer vision\lab2\data\salt_pepper\447.png,D:\bennett\computer vision\lab2\data\speckle\447.png
448,53485,8,D:\bennett\computer vision\lab2\data\clean\448.png,D:\bennett\computer vision\lab2\data\gaussian_blur\448.png,D:\bennett\computer vision\lab2\data\salt_pepper\448.png,D:\bennett\computer vision\lab2\data\speckle\448.png
449,53521,1,D:\bennett\computer vision\lab2\data\clean\449.png,D:\bennett\computer vision\lab2\data\gaussian_blur\449.png,D:\bennett\computer vision\lab2\data\salt_pepper\449.png,D:\bennett\computer vision\lab2\data\speckle\449.png
450,53593,1,D:\bennett\computer vision\lab2\data\clean\450.png,D:\bennett\computer vision\lab2\data\gaussian_blur\450.png,D:\bennett\computer vision\lab2\data\salt_pepper\450.png,D:\bennett\computer vision\lab2\data\speckle\450.png
451,53748,2,D:\bennett\computer vision\lab2\data\clean\451.png,D:\bennett\computer vision\lab2\data\gaussian_blur\451.png,D:\bennett\computer vision\lab2\data\salt_pepper\451.png,D:\bennett\computer vision\lab2\data\speckle\451.png
452,53903,3,D:\bennett\computer vision\lab2\data\clean\452.png,D:\bennett\computer vision\lab2\data\gaussian_blur\452.png,D:\bennett\computer vision\lab2\data\salt_pepper\452.png,D:\bennett\computer vision\lab2\data\speckle\452.png
453,53940,0,D:\bennett\computer vision\lab2\data\clean\453.png,D:\bennett\computer vision\lab2\data\gaussian_blur\453.png,D:\bennett\computer vision\lab2\data\salt_pepper\453.png,D:\bennett\computer vision\lab2\data\speckle\453.png
454,54191,3,D:\bennett\computer vision\lab2\data\clean\454.png,D:\bennett\computer vision\lab2\data\gaussian_blur\454.png,D:\bennett\computer vision\lab2\data\salt_pepper\454.png,D:\bennett\computer vision\lab2\data\speckle\454.png
455,54244,9,D:\bennett\computer vision\lab2\data\clean\455.png,D:\bennett\computer vision\lab2\data\gaussian_blur\455.png,D:\bennett\computer vision\lab2\data\salt_pepper\455.png,D:\bennett\computer vision\lab2\data\speckle\455.png
456,54740,7,D:\bennett\computer vision\lab2\data\clean\456.png,D:\bennett\computer vision\lab2\data\gaussian_blur\456.png,D:\bennett\computer vision\lab2\data\salt_pepper\456.png,D:\bennett\computer vision\lab2\data\speckle\456.png
457,54799,6,D:\bennett\computer vision\lab2\data\clean\457.png,D:\bennett\computer vision\lab2\data\gaussian_blur\457.png,D:\bennett\computer vision\lab2\data\salt_pepper\457.png,D:\bennett\computer vision\lab2\data\speckle\457.png
458,54946,1,D:\bennett\computer vision\lab2\data\clean\458.png,D:\bennett\computer vision\lab2\data\gaussian_blur\458.png,D:\bennett\computer vision\lab2\data\salt_pepper\458.png,D:\bennett\computer vision\lab2\data\speckle\458.png
459,55164,5,D:\bennett\computer vision\lab2\data\clean\459.png,D:\bennett\computer vision\lab2\data\gaussian_blur\459.png,D:\bennett\computer vision\lab2\data\salt_pepper\459.png,D:\bennett\computer vision\lab2\data\speckle\459.png
460,55288,0,D:\bennett\computer vision\lab2\data\clean\460.png,D:\bennett\computer vision\lab2\data\gaussian_blur\460.png,D:\bennett\computer vision\lab2\data\salt_pepper\460.png,D:\bennett\computer vision\lab2\data\speckle\460.png
461,55444,7,D:\bennett\computer vision\lab2\data\clean\461.png,D:\bennett\computer vision\lab2\data\gaussian_blur\461.png,D:\bennett\computer vision\lab2\data\salt_pepper\461.png,D:\bennett\computer vision\lab2\data\speckle\461.png
462,55576,0,D:\bennett\computer vision\lab2\data\clean\462.png,D:\bennett\computer vision\lab2\data\gaussian_blur\462.png,D:\bennett\computer vision\lab2\data\salt_pepper\462.png,D:\bennett\computer vision\lab2\data\speckle\462.png
463,55587,1,D:\bennett\computer vision\lab2\data\clean\463.png,D:\bennett\computer vision\lab2\data\gaussian_blur\463.png,D:\bennett\computer vision\lab2\data\salt_pepper\463.png,D:\bennett\computer vision\lab2\data\speckle\463.png
464,55596,1,D:\bennett\computer vision\lab2\data\clean\464.png,D:\bennett\computer vision\lab2\data\gaussian_blur\464.png,D:\bennett\computer vision\lab2\data\salt_pepper\464.png,D:\bennett\computer vision\lab2\data\speckle\464.png
465,55953,5,D:\bennett\computer vision\lab2\data\clean\465.png,D:\bennett\computer vision\lab2\data\gaussian_blur\465.png,D:\bennett\computer vision\lab2\data\salt_pepper\465.png,D:\bennett\computer vision\lab2\data\speckle\465.png
466,55977,6,D:\bennett\computer vision\lab2\data\clean\466.png,D:\bennett\computer vision\lab2\data\gaussian_blur\466.png,D:\bennett\computer vision\lab2\data\salt_pepper\466.png,D:\bennett\computer vision\lab2\data\speckle\466.png
467,55983,4,D:\bennett\computer vision\lab2\data\clean\467.png,D:\bennett\computer vision\lab2\data\gaussian_blur\467.png,D:\bennett\computer vision\lab2\data\salt_pepper\467.png,D:\bennett\computer vision\lab2\data\speckle\467.png
468,55985,2,D:\bennett\computer vision\lab2\data\clean\468.png,D:\bennett\computer vision\lab2\data\gaussian_blur\468.png,D:\bennett\computer vision\lab2\data\salt_pepper\468.png,D:\bennett\computer vision\lab2\data\speckle\468.png
469,56020,1,D:\bennett\computer vision\lab2\data\clean\469.png,D:\bennett\computer vision\lab2\data\gaussian_blur\469.png,D:\bennett\computer vision\lab2\data\salt_pepper\469.png,D:\bennett\computer vision\lab2\data\speckle\469.png
470,56024,5,D:\bennett\computer vision\lab2\data\clean\470.png,D:\bennett\computer vision\lab2\data\gaussian_blur\470.png,D:\bennett\computer vision\lab2\data\salt_pepper\470.png,D:\bennett\computer vision\lab2\data\speckle\470.png
471,56068,8,D:\bennett\computer vision\lab2\data\clean\471.png,D:\bennett\computer vision\lab2\data\gaussian_blur\471.png,D:\bennett\computer vision\lab2\data\salt_pepper\471.png,D:\bennett\computer vision\lab2\data\speckle\471.png
472,56098,6,D:\bennett\computer vision\lab2\data\clean\472.png,D:\bennett\computer vision\lab2\data\gaussian_blur\472.png,D:\bennett\computer vision\lab2\data\salt_pepper\472.png,D:\bennett\computer vision\lab2\data\speckle\472.png
473,56155,5,D:\bennett\computer vision\lab2\data\clean\473.png,D:\bennett\computer vision\lab2\data\gaussian_blur\473.png,D:\bennett\computer vision\lab2\data\salt_pepper\473.png,D:\bennett\computer vision\lab2\data\speckle\473.png
474,56753,9,D:\bennett\computer vision\lab2\data\clean\474.png,D:\bennett\computer vision\lab2\data\gaussian_blur\474.png,D:\bennett\computer vision\lab2\data\salt_pepper\474.png,D:\bennett\computer vision\lab2\data\speckle\474.png
475,57021,8,D:\bennett\computer vision\lab2\data\clean\475.png,D:\bennett\computer vision\lab2\data\gaussian_blur\475.png,D:\bennett\computer vision\lab2\data\salt_pepper\475.png,D:\bennett\computer vision\lab2\data\speckle\475.png
476,57028,5,D:\bennett\computer vision\lab2\data\clean\476.png,D:\bennett\computer vision\lab2\data\gaussian_blur\476.png,D:\bennett\computer vision\lab2\data\salt_pepper\476.png,D:\bennett\computer vision\lab2\data\speckle\476.png
477,57287,1,D:\bennett\computer vision\lab2\data\clean\477.png,D:\bennett\computer vision\lab2\data\gaussian_blur\477.png,D:\bennett\computer vision\lab2\data\salt_pepper\477.png,D:\bennett\computer vision\lab2\data\speckle\477.png
478,57288,0,D:\bennett\computer vision\lab2\data\clean\478.png,D:\bennett\computer vision\lab2\data\gaussian_blur\478.png,D:\bennett\computer vision\lab2\data\salt_pepper\478.png,D:\bennett\computer vision\lab2\data\speckle\478.png
479,57296,0,D:\bennett\computer vision\lab2\data\clean\479.png,D:\bennett\computer vision\lab2\data\gaussian_blur\479.png,D:\bennett\computer vision\lab2\data\salt_pepper\479.png,D:\bennett\computer vision\lab2\data\speckle\479.png
480,57425,8,D:\bennett\computer vision\lab2\data\clean\480.png,D:\bennett\computer vision\lab2\data\gaussian_blur\480.png,D:\bennett\computer vision\lab2\data\salt_pepper\480.png,D:\bennett\computer vision\lab2\data\speckle\480.png
481,57570,7,D:\bennett\computer vision\lab2\data\clean\481.png,D:\bennett\computer vision\lab2\data\gaussian_blur\481.png,D:\bennett\computer vision\lab2\data\salt_pepper\481.png,D:\bennett\computer vision\lab2\data\speckle\481.png
482,57628,2,D:\bennett\computer vision\lab2\data\clean\482.png,D:\bennett\computer vision\lab2\data\gaussian_blur\482.png,D:\bennett\computer vision\lab2\data\salt_pepper\482.png,D:\bennett\computer vision\lab2\data\speckle\482.png
483,57635,3,D:\bennett\computer vision\lab2\data\clean\483.png,D:\bennett\computer vision\lab2\data\gaussian_blur\483.png,D:\bennett\computer vision\lab2\data\salt_pepper\483.png,D:\bennett\computer vision\lab2\data\speckle\483.png
484,57801,3,D:\bennett\computer vision\lab2\data\clean\484.png,D:\bennett\computer vision\lab2\data\gaussian_blur\484.png,D:\bennett\computer vision\lab2\data\salt_pepper\484.png,D:\bennett\computer vision\lab2\data\speckle\484.png
485,57867,7,D:\bennett\computer vision\lab2\data\clean\485.png,D:\bennett\computer vision\lab2\data\gaussian_blur\485.png,D:\bennett\computer vision\lab2\data\salt_pepper\485.png,D:\bennett\computer vision\lab2\data\speckle\485.png
486,57941,3,D:\bennett\computer vision\lab2\data\clean\486.png,D:\bennett\computer vision\lab2\data\gaussian_blur\486.png,D:\bennett\computer vision\lab2\data\salt_pepper\486.png,D:\bennett\computer vision\lab2\data\speckle\486.png
487,58021,3,D:\bennett\computer vision\lab2\data\clean\487.png,D:\bennett\computer vision\lab2\data\gaussian_blur\487.png,D:\bennett\computer vision\lab2\data\salt_pepper\487.png,D:\bennett\computer vision\lab2\data\speckle\487.png
488,58061,7,D:\bennett\computer vision\lab2\data\clean\488.png,D:\bennett\computer vision\lab2\data\gaussian_blur\488.png,D:\bennett\computer vision\lab2\data\salt_pepper\488.png,D:\bennett\computer vision\lab2\data\speckle\488.png
489,58078,7,D:\bennett\computer vision\lab2\data\clean\489.png,D:\bennett\computer vision\lab2\data\gaussian_blur\489.png,D:\bennett\computer vision\lab2\data\salt_pepper\489.png,D:\bennett\computer vision\lab2\data\speckle\489.png
490,58216,6,D:\bennett\computer vision\lab2\data\clean\490.png,D:\bennett\computer vision\lab2\data\gaussian_blur\490.png,D:\bennett\computer vision\lab2\data\salt_pepper\490.png,D:\bennett\computer vision\lab2\data\speckle\490.png
491,58329,6,D:\bennett\computer vision\lab2\data\clean\491.png,D:\bennett\computer vision\lab2\data\gaussian_blur\491.png,D:\bennett\computer vision\lab2\data\salt_pepper\491.png,D:\bennett\computer vision\lab2\data\speckle\491.png
492,58338,9,D:\bennett\computer vision\lab2\data\clean\492.png,D:\bennett\computer vision\lab2\data\gaussian_blur\492.png,D:\bennett\computer vision\lab2\data\salt_pepper\492.png,D:\bennett\computer vision\lab2\data\speckle\492.png
493,58611,2,D:\bennett\computer vision\lab2\data\clean\493.png,D:\bennett\computer vision\lab2\data\gaussian_blur\493.png,D:\bennett\computer vision\lab2\data\salt_pepper\493.png,D:\bennett\computer vision\lab2\data\speckle\493.png
494,59148,0,D:\bennett\computer vision\lab2\data\clean\494.png,D:\bennett\computer vision\lab2\data\gaussian_blur\494.png,D:\bennett\computer vision\lab2\data\salt_pepper\494.png,D:\bennett\computer vision\lab2\data\speckle\494.png
495,59207,1,D:\bennett\computer vision\lab2\data\clean\495.png,D:\bennett\computer vision\lab2\data\gaussian_blur\495.png,D:\bennett\computer vision\lab2\data\salt_pepper\495.png,D:\bennett\computer vision\lab2\data\speckle\495.png
496,59331,0,D:\bennett\computer vision\lab2\data\clean\496.png,D:\bennett\computer vision\lab2\data\gaussian_blur\496.png,D:\bennett\computer vision\lab2\data\salt_pepper\496.png,D:\bennett\computer vision\lab2\data\speckle\496.png
497,59399,8,D:\bennett\computer vision\lab2\data\clean\497.png,D:\bennett\computer vision\lab2\data\gaussian_blur\497.png,D:\bennett\computer vision\lab2\data\salt_pepper\497.png,D:\bennett\computer vision\lab2\data\speckle\497.png
498,59428,1,D:\bennett\computer vision\lab2\data\clean\498.png,D:\bennett\computer vision\lab2\data\gaussian_blur\498.png,D:\bennett\computer vision\lab2\data\salt_pepper\498.png,D:\bennett\computer vision\lab2\data\speckle\498.png
499,59782,9,D:\bennett\computer vision\lab2\data\clean\499.png,D:\bennett\computer vision\lab2\data\gaussian_blur\499.png,D:\bennett\computer vision\lab2\data\salt_pepper\499.png,D:\bennett\computer vision\lab2\data\speckle\499.png
